UUID,label,source,div,img,iframe,a,script,external_script,internal_script,form,input,textarea,Tags,No-class Tags,class Tags,Title,Cookies,secure,session,httponly,JSGlobalVar,Requests,Ad-blocked,Malicious,HTTPS,IPv6,Domains,Subdomains,IPs,Countries,Transfer,Size,URL,OutGoingLinks,sensitive,session & httponly,folder,sensitive_label,span,button,sensitive_case1,sensitive_case2,sensitive_case3,sensitive_case4,hash_value
b2153eab-790f-4b06-bc73-0d23a4e66593,1.0,OP,34.0,3.0,1.0,71.0,5.0,3.0,2.0,0.0,0.0,0.0,170.0,126.0,44.0,"Alibaba Manufacturer Directory - Suppliers, Manufacturers, Exporters &amp; Importers ",2.0,0.0,0.0,0.0,19.0,30.0,0.0,0.0,100.0,0.0,5.0,8.0,7.0,3.0,963.0,1618.0,https://hasmob.com/ngozi/alibaba.com/Login.htm,48.0,0.0,0.0,20200702_1,1.0,4.0,0.0,0.0,0.0,0.0,0.0,824a8526a87ccb3c8b4774f537a7c76eff1c3076
10139e75-bdf7-4195-a10c-6ae409504d7b,1.0,OP,255.0,4.0,0.0,28.0,8.0,5.0,3.0,0.0,0.0,0.0,364.0,64.0,300.0,Steam Community,2.0,0.0,0.0,0.0,37.0,29.0,0.0,0.0,62.0,57.0,7.0,7.0,7.0,3.0,434.0,1325.0,http://sassosassino420.000webhostapp.com/,14.0,0.0,0.0,20200702_1,1.0,9.0,0.0,0.0,0.0,0.0,0.0,946f016814d6b7a22d2adf3723b083885b90571f
5a432655-7cad-4880-8557-dd17a8eb50ef,1.0,OP,34.0,3.0,1.0,71.0,5.0,3.0,2.0,0.0,0.0,0.0,170.0,126.0,44.0,"Alibaba Manufacturer Directory - Suppliers, Manufacturers, Exporters &amp; Importers ",2.0,0.0,0.0,0.0,19.0,30.0,0.0,0.0,37.0,0.0,5.0,9.0,8.0,2.0,985.0,1639.0,http://kerfoo.com/routes/alibaba.com/Login.htm,48.0,0.0,0.0,20200702_1,1.0,4.0,0.0,0.0,0.0,0.0,0.0,a9f2e99f4c9992c90c2c7d294ee041db86972c10
1b7e8bcf-b31a-4714-95e6-8ceae71c1037,1.0,OP,24.0,0.0,1.0,19.0,3.0,1.0,2.0,0.0,0.0,0.0,82.0,47.0,35.0,": Welcome, Email Protect :",0.0,0.0,0.0,0.0,16.0,22.0,0.0,0.0,0.0,0.0,1.0,1.0,1.0,1.0,804.0,798.0,http://mala-riba.com/view/,0.0,0.0,0.0,20200702_1,1.0,0.0,0.0,0.0,0.0,0.0,0.0,f781104c048a28cbb9829e29d142a311ad0b5ffa
b090e64f-5936-45c8-8c08-c20077bf0a0b,1.0,PT,2.0,0.0,0.0,3.0,0.0,0.0,0.0,0.0,0.0,0.0,56.0,41.0,15.0,GoDaddy Security - Access Denied,0.0,0.0,0.0,0.0,0.0,8.0,0.0,0.0,100.0,33.0,3.0,3.0,4.0,3.0,226.0,227.0,https://gbengineeringservices.com/arr/cel/excel/excel/excel/login.php,3.0,0.0,0.0,20200702_1,1.0,10.0,0.0,0.0,0.0,0.0,0.0,e277ab3d4db397e2f8a0db8092bd9a4f37cc5ce0
17ad9c29-5a7c-4e67-96c2-570742d49fd4,1.0,PT,38.0,5.0,0.0,17.0,4.0,1.0,3.0,0.0,0.0,0.0,149.0,62.0,87.0,"Droptop-cs.com Counter-Strike - Best Settings & Gaming Gear Guides for CS:GO, Source & 1.6",1.0,0.0,0.0,1.0,16.0,8.0,0.0,0.0,88.0,100.0,1.0,1.0,1.0,1.0,140.0,367.0,http://reithracsellidi.tk/,0.0,0.0,0.0,20200702_2,1.0,6.0,2.0,0.0,0.0,0.0,0.0,a22437e928c324e167a891e867ceb6f8d3936c87
ded082f6-eb5a-43e6-a89a-2fb2c4cb547c,1.0,PT,47.0,3.0,0.0,35.0,6.0,3.0,3.0,2.0,4.0,0.0,254.0,91.0,163.0,PÃ¡gina no encontrada â€“ HOLA IDIOMAS,0.0,0.0,0.0,0.0,8.0,11.0,0.0,0.0,0.0,0.0,1.0,1.0,2.0,1.0,582.0,579.0,http://www.holaidiomas.com/wp-includes/js/mtbonline,1.0,0.0,0.0,20200702_2,1.0,30.0,6.0,0.0,0.0,0.0,0.0,ae0dfe1795664c42b5c288b14b750b295fcf0626
fc8eeffb-d494-43bd-bf8b-a2e75ebee5bb,1.0,PT,280.0,4.0,0.0,32.0,8.0,5.0,3.0,0.0,0.0,0.0,402.0,72.0,330.0,Steam Community,2.0,0.0,0.0,0.0,37.0,29.0,0.0,0.0,100.0,57.0,7.0,7.0,7.0,2.0,437.0,1357.0,https://sinchamax220402.000webhostapp.com/Steam-Community-4,13.0,0.0,0.0,20200702_2,1.0,13.0,0.0,0.0,0.0,0.0,0.0,41c48fed629f1391fa5e883353eab4b0569a35fc
164a43a0-1f78-4f6d-bb95-978741f0f0a3,1.0,PT,286.0,4.0,0.0,32.0,8.0,5.0,3.0,0.0,0.0,0.0,411.0,74.0,337.0,Steam Community,2.0,0.0,0.0,0.0,37.0,29.0,0.0,0.0,100.0,57.0,7.0,7.0,7.0,2.0,434.0,1335.0,https://sassosassino420.000webhostapp.com/Steam-Community-7,15.0,0.0,0.0,20200702_2,1.0,15.0,0.0,0.0,0.0,0.0,0.0,77d546bb1eea553829d35892c5b00df0a7d408c0
eac0313a-64f1-442c-ae73-e7229d27e714,1.0,PT,1396.0,66.0,0.0,232.0,8.0,5.0,3.0,0.0,0.0,0.0,1849.0,272.0,1577.0,Steam Community,2.0,0.0,0.0,0.0,37.0,71.0,0.0,0.0,100.0,38.0,8.0,9.0,8.0,3.0,332.0,1494.0,https://sassosassino420.000webhostapp.com/Steam-Community-3,65.0,0.0,0.0,20200702_2,1.0,11.0,0.0,0.0,0.0,0.0,0.0,fdf0d2eca59eae1ee5e637972802512da0a45885
414df459-4ec7-409c-a934-92566556288e,1.0,PT,286.0,4.0,0.0,32.0,8.0,5.0,3.0,0.0,0.0,0.0,411.0,74.0,337.0,Steam Community,2.0,0.0,0.0,0.0,37.0,29.0,0.0,0.0,100.0,57.0,7.0,7.0,7.0,2.0,435.0,1334.0,https://sassosassino420.000webhostapp.com/Steam-Community,14.0,0.0,0.0,20200702_2,1.0,15.0,0.0,0.0,0.0,0.0,0.0,b5653788f0a940e0fb9dd8711d79b2ebafb915c1
ea73fc4f-289b-4751-8f31-54d2cd67ad08,1.0,PT,286.0,4.0,0.0,32.0,8.0,5.0,3.0,0.0,0.0,0.0,411.0,74.0,337.0,Steam Community,2.0,0.0,0.0,0.0,37.0,29.0,0.0,0.0,100.0,57.0,7.0,7.0,7.0,2.0,434.0,1335.0,https://sassosassino420.000webhostapp.com/Steam-Community-7/,15.0,0.0,0.0,20200702_2,1.0,15.0,0.0,0.0,0.0,0.0,0.0,39ebf79bb6e519efeeb6da0be2110195c09a9b5d
d02837ec-a731-415f-9e22-b7f43f582a77,1.0,PT,1396.0,66.0,0.0,232.0,8.0,5.0,3.0,0.0,0.0,0.0,1849.0,272.0,1577.0,Steam Community,2.0,0.0,0.0,0.0,37.0,71.0,0.0,0.0,100.0,38.0,8.0,9.0,8.0,3.0,332.0,1494.0,https://sassosassino420.000webhostapp.com/Steam-Community-3/,65.0,0.0,0.0,20200702_2,1.0,11.0,0.0,0.0,0.0,0.0,0.0,dff752bb9401f215407d911191e036aafeb323c5
271a557e-c309-4314-a2fd-c4b8e9eb90df,1.0,PT,34.0,3.0,1.0,71.0,5.0,3.0,2.0,0.0,0.0,0.0,170.0,126.0,44.0,"Alibaba Manufacturer Directory - Suppliers, Manufacturers, Exporters &amp; Importers ",1.0,0.0,0.0,0.0,19.0,30.0,0.0,0.0,37.0,0.0,5.0,8.0,7.0,3.0,2686.0,3599.0,http://campcarnivalindia.com/blog/wp-content/themes/Alibaba.com/Login.htm,48.0,0.0,0.0,20200702_2,1.0,4.0,0.0,0.0,0.0,0.0,0.0,5225bc12a6b093f54d9692861468f6ef6194572d
ca640054-b6cd-4c83-a329-ff4ad9341af8,1.0,PT,41.0,1.0,0.0,17.0,20.0,15.0,5.0,2.0,4.0,0.0,158.0,71.0,87.0,PÃ¡gina nÃ£o encontrada â€“ Meu Destino Viagens,0.0,0.0,0.0,0.0,23.0,30.0,0.0,0.0,10.0,67.0,3.0,3.0,3.0,2.0,1618.0,1680.0,http://meudestinoviagens.com.br/mua/34.237.113.1138898/sucursalpersonas.transaccionesbancolombia.com/mua/index.html,2.0,0.0,0.0,20200702_2,1.0,5.0,0.0,0.0,0.0,0.0,0.0,47fd74ff5be6d2e92e3a387820d5d94acb8cfb13
1ae36143-228e-4d60-976c-975668a34011,1.0,PT,162.0,4.0,0.0,55.0,19.0,8.0,11.0,0.0,0.0,0.0,416.0,192.0,224.0,PayPal Sicherheit | PayPal CH,12.0,12.0,5.0,7.0,19.0,25.0,0.0,0.0,100.0,25.0,4.0,5.0,3.0,3.0,613.0,1840.0,https://www.oncecall.in/css/imagecache/vgf.32454,1.0,0.0,2.0,20200702_2,1.0,5.0,3.0,0.0,0.0,0.0,0.0,5a38fcb036980f571349e9ab746ba23e2217c630
d4f56880-114f-465e-8d90-cab177cdade5,1.0,PT,34.0,3.0,1.0,71.0,5.0,3.0,2.0,0.0,0.0,0.0,170.0,126.0,44.0,"Alibaba Manufacturer Directory - Suppliers, Manufacturers, Exporters &amp; Importers ",1.0,0.0,0.0,0.0,19.0,30.0,0.0,0.0,37.0,0.0,5.0,8.0,7.0,3.0,2925.0,3577.0,http://www.comercialmattos.com.br/login.html?id=sz7bpi8hhgdgycf497v-gg0uzqdvddonvqayhi5o9x_txyy7urgr3ovvooy5rbbgyrg3-yq,48.0,0.0,0.0,20200702_2,1.0,4.0,0.0,0.0,0.0,0.0,0.0,e69d964e86ba4947321b7c30d1010ef4b981e514
9d7dd7f6-3e62-4c4f-b779-191af5b26c79,1.0,PT,16.0,3.0,0.0,1.0,10.0,9.0,1.0,1.0,2.0,0.0,58.0,29.0,29.0,Monitora Corona,2.0,0.0,0.0,0.0,37.0,24.0,0.0,0.0,100.0,78.0,9.0,9.0,9.0,4.0,9328.0,9662.0,https://xocovid19.com.br/,1.0,0.0,0.0,20200702_2,1.0,1.0,2.0,0.0,0.0,0.0,0.0,09d05cd8d47158f8a02a01fba76e69a768ec03e9
022881a4-c35b-4f9a-8711-fb93a491a938,1.0,PT,190.0,10.0,0.0,68.0,19.0,8.0,11.0,0.0,0.0,0.0,534.0,237.0,297.0,Mit PayPal rundum sicher geschÃ¼tzt,12.0,12.0,5.0,7.0,19.0,29.0,0.0,0.0,100.0,20.0,4.0,5.0,4.0,4.0,609.0,2069.0,http://nirmalind.com/shop/wp-admin/includes/9644iui_3636,7.0,0.0,2.0,20200702_2,1.0,3.0,3.0,0.0,0.0,0.0,0.0,82a29b03d10ed2e36aea7a5dc2687ef7eed45cdb
b1d6b1e1-75cf-45a3-bee1-86e9a5629926,1.0,PT,5.0,1.0,0.0,4.0,5.0,0.0,5.0,1.0,3.0,0.0,97.0,97.0,0.0,OneDrive Cloud for ,0.0,0.0,0.0,0.0,0.0,2.0,0.0,0.0,0.0,0.0,1.0,1.0,1.0,1.0,29.0,29.0,http://santaremplay.com.br/.onedrivee/2hosts/error.php?email=,0.0,0.0,0.0,20200702_3,1.0,0.0,0.0,0.0,0.0,0.0,0.0,c03a7f8327d3e946085d34bf3a57f54877ca6e06
33ccd214-894a-4b8c-b168-db62aa9518f0,1.0,PT,108.0,9.0,1.0,110.0,12.0,8.0,4.0,0.0,0.0,0.0,539.0,227.0,312.0,Login - Mail.Ru,0.0,0.0,0.0,0.0,17.0,42.0,0.0,0.0,7.0,20.0,5.0,7.0,6.0,3.0,633.0,1552.0,http://preparedplans.com/wp/mail.ru/,72.0,0.0,0.0,20200702_3,1.0,57.0,2.0,0.0,0.0,0.0,0.0,e95fe85d2f6a05026b5b96db5f6f7302f296f21d
4c454a6c-3474-49fa-b52e-0c5e27ef5d59,1.0,PT,22.0,4.0,0.0,0.0,5.0,2.0,3.0,0.0,0.0,0.0,54.0,47.0,7.0,æŸ¥æ‰¾æˆ‘çš„ iPhone,1.0,0.0,1.0,0.0,14.0,8.0,0.0,0.0,0.0,0.0,1.0,1.0,1.0,1.0,117.0,236.0,http://216.83.55.154/mim/2hi91w79p8030281310y14058cl9u959e215u46f2315c4lq36.html,0.0,0.0,0.0,20200702_3,1.0,1.0,0.0,0.0,0.0,0.0,0.0,5eec505114fa840aafe8d359f6bb61b37b6eb9d4
f85d1b67-28b8-40ae-9ab6-4e8351202849,1.0,PT,12.0,2.0,0.0,5.0,10.0,7.0,3.0,0.0,0.0,0.0,112.0,84.0,28.0,"Gmail Erstellen | Gmail Konto Erstellen : Adresse, Account",3.0,0.0,0.0,0.0,15.0,19.0,0.0,0.0,100.0,67.0,6.0,6.0,5.0,2.0,258.0,497.0,https://gmailerstellen.de/,1.0,0.0,0.0,20200702_3,1.0,2.0,0.0,0.0,0.0,0.0,0.0,1189d2b72d3998229c47d6b9ad5047c4b7a7e71c
2348d67c-248b-4103-9838-7587d72aa6b9,1.0,PT,39.0,2.0,3.0,10.0,17.0,12.0,5.0,1.0,6.0,1.0,150.0,77.0,73.0,DHLexpress - CONSULTA DOCUMENTO ELECTRÃ“NICO,1.0,0.0,1.0,1.0,29.0,24.0,0.0,0.0,17.0,67.0,3.0,3.0,3.0,2.0,616.0,962.0,http://asp403r.paperless.com.pe/ConsultaDHLExpress/,1.0,0.0,1.0,20200702_3,1.0,18.0,2.0,0.0,0.0,0.0,0.0,492e1a35b70253f7f2adef8f33c77ec05d798925
ffefefed-6f89-409c-b01f-a4c6fa9054f9,1.0,PT,34.0,3.0,1.0,71.0,5.0,3.0,2.0,0.0,0.0,0.0,170.0,126.0,44.0,"Alibaba Manufacturer Directory - Suppliers, Manufacturers, Exporters &amp; Importers ",3.0,0.0,1.0,0.0,19.0,30.0,0.0,0.0,37.0,0.0,5.0,8.0,7.0,3.0,2296.0,2948.0,http://vanprint.am/wp-admin/includes/Alibaba.com/Login.htm,48.0,0.0,0.0,20200702_3,1.0,4.0,0.0,0.0,0.0,0.0,0.0,71779203ff67f2bc86eb9c12a71a34fa83bb004d
bf6e07b3-2b2a-4479-98bb-ccbb846bdb04,1.0,OP,34.0,3.0,1.0,71.0,5.0,3.0,2.0,0.0,0.0,0.0,170.0,126.0,44.0,"Alibaba Manufacturer Directory - Suppliers, Manufacturers, Exporters &amp; Importers ",1.0,0.0,0.0,0.0,19.0,30.0,0.0,0.0,37.0,0.0,5.0,8.0,7.0,2.0,1530.0,2443.0,http://intercambios.org.ar/sitioanterior/MADE/Login.htm,48.0,0.0,0.0,20200710,1.0,4.0,0.0,0.0,0.0,0.0,0.0,c69496b9b48a5cbeb665674aef1ecb2ab2135552
830c73ef-27cd-42b7-9b94-88b8a8ef178d,1.0,OP,27.0,2.0,1.0,28.0,3.0,3.0,0.0,0.0,0.0,0.0,106.0,74.0,32.0,"Alibaba Manufacturer Directory - Suppliers, Manufacturers, Exporters &amp; Importers ",1.0,0.0,0.0,0.0,19.0,27.0,0.0,0.0,41.0,0.0,5.0,8.0,7.0,3.0,828.0,1737.0,http://tips10life.com/wp-includes/js/grc/newarrivalalibaba/Login.htm,5.0,0.0,0.0,20200710,1.0,4.0,0.0,0.0,0.0,0.0,0.0,4c0f8bc5375eb5cbc94ee8359b3d0854f9d5bb1b
144df48f-42f0-4aef-99eb-94e521d262d4,1.0,OP,34.0,3.0,1.0,71.0,15.0,9.0,6.0,0.0,0.0,0.0,180.0,137.0,43.0,"Alibaba Manufacturer Directory - Suppliers, Manufacturers, Exporters &amp; Importers ",0.0,0.0,0.0,0.0,28.0,39.0,0.0,0.0,56.0,9.0,7.0,14.0,11.0,6.0,1087.0,1962.0,http://www.alibaba.vritta.in/Alibaba.com/index-login.html,47.0,0.0,0.0,20200710,1.0,4.0,0.0,0.0,0.0,0.0,0.0,e6ca4734c6fca03f6150bf4e134a2cd3bc6fcde9
de6e538d-cf81-4ba1-b431-de4f35077d37,1.0,OP,34.0,3.0,1.0,71.0,15.0,9.0,6.0,0.0,0.0,0.0,180.0,137.0,43.0,"Alibaba Manufacturer Directory - Suppliers, Manufacturers, Exporters &amp; Importers ",0.0,0.0,0.0,0.0,28.0,39.0,0.0,0.0,56.0,9.0,7.0,14.0,11.0,6.0,1087.0,1962.0,http://alibaba.vritta.in/Alibaba.com/index-login.html,47.0,0.0,0.0,20200710,1.0,4.0,0.0,0.0,0.0,0.0,0.0,1d84a26e5e8c9b8d218aaad042ef3fd4b6fcb4bb
ebbd88b6-8265-48f5-99a0-3d3342a62cbc,1.0,OP,26.0,7.0,1.0,22.0,1.0,1.0,0.0,0.0,0.0,0.0,82.0,52.0,30.0,BancoEstado Personas | Banca en LÃ­nea,0.0,0.0,0.0,0.0,2.0,32.0,0.0,0.0,0.0,0.0,1.0,1.0,1.0,1.0,342.0,544.0,http://houseoftaho.com/mants/imagenes/comun2008/banca-en-linea-personas.html,1.0,0.0,0.0,20200710,1.0,1.0,0.0,0.0,0.0,0.0,0.0,46e02d285f14f8ac08722264e06aece2cbbc7414
47f8e328-c8b3-4c99-85ec-77129e57efca,1.0,PT,29.0,10.0,0.0,96.0,27.0,18.0,9.0,0.0,0.0,0.0,346.0,175.0,171.0,Page not found | IES Breckland,4.0,0.0,0.0,0.0,27.0,51.0,0.0,0.0,100.0,80.0,5.0,5.0,5.0,2.0,1406.0,1532.0,https://www.breckland.iesschools.co.uk/wells/home/myaccount/emailaccess,10.0,0.0,0.0,20200710,1.0,16.0,2.0,0.0,0.0,0.0,0.0,1ee971d4df16d5ae3a17b20c611ea1570cbf1665
13f8af8d-44a4-4133-800e-022ed596ac71,1.0,PT,54.0,2.0,2.0,12.0,24.0,5.0,19.0,0.0,0.0,0.0,191.0,143.0,48.0,ilyasdxih,3.0,2.0,0.0,2.0,47.0,23.0,0.0,0.0,96.0,100.0,5.0,10.0,10.0,1.0,285.0,891.0,https://sites.google.com/site/ilyasdxih/,1.0,0.0,0.0,20200710,1.0,21.0,0.0,0.0,0.0,0.0,0.0,837fe1b6495f7122e0a2002c901a6dcd574c6254
92d75eee-34d4-4054-b405-1d9f84efa81c,1.0,PT,153.0,3.0,2.0,31.0,26.0,5.0,21.0,1.0,2.0,0.0,300.0,248.0,52.0,dbhbhbhj,0.0,0.0,0.0,0.0,47.0,26.0,0.0,0.0,96.0,67.0,8.0,14.0,11.0,2.0,298.0,915.0,https://sites.google.com/site/dbhbhbhj/,5.0,0.0,0.0,20200710,1.0,19.0,0.0,0.0,0.0,0.0,0.0,b780c90aedab75006359dcbaf9cc850b557ba427
6379df93-31a7-4a3f-8758-a9fa0b50a0e2,1.0,OP,4.0,1.0,1.0,4.0,4.0,2.0,2.0,0.0,0.0,0.0,79.0,75.0,4.0,DHL Express | Track Shipment,2.0,1.0,0.0,2.0,0.0,9.0,0.0,0.0,100.0,50.0,2.0,3.0,2.0,2.0,21.0,39.0,https://xtronbikewear.co.uk/dhl_topscript/source/index.php?email=vamsidhar.nookala@iifl.com,0.0,0.0,0.0,20200711,1.0,0.0,0.0,0.0,0.0,0.0,0.0,d16da3ac91abd96b565ef2304a49376f50620caf
220612be-108e-433d-b5bb-a2991ec86a4a,1.0,PT,255.0,4.0,0.0,28.0,8.0,5.0,3.0,0.0,0.0,0.0,364.0,64.0,300.0,Steam Community,2.0,0.0,0.0,0.0,37.0,29.0,0.0,0.0,100.0,57.0,7.0,7.0,7.0,3.0,433.0,1325.0,https://sassosassino420.000webhostapp.com/,14.0,0.0,0.0,20200711,1.0,9.0,0.0,0.0,0.0,0.0,0.0,7b2876ade55d1de597203fe54e730f3afb05ce4a
39219acf-8475-4a05-92e1-ddbaebe61cde,1.0,OP,278.0,4.0,0.0,32.0,8.0,5.0,3.0,0.0,0.0,0.0,400.0,72.0,328.0,Steam Community,2.0,0.0,0.0,0.0,37.0,29.0,0.0,0.0,100.0,57.0,7.0,7.0,7.0,3.0,435.0,1354.0,https://sinchamax220402.000webhostapp.com/,12.0,0.0,0.0,20200714,1.0,13.0,0.0,0.0,0.0,0.0,0.0,02ef76d65755c35b115d3db2edcffbae91b5acc1
6ad95367-3a15-44e2-ad70-7873db4a9d93,1.0,OP,6.0,2.0,1.0,6.0,2.0,0.0,2.0,0.0,0.0,0.0,61.0,59.0,2.0,Excel Online,0.0,0.0,0.0,0.0,3.0,7.0,0.0,0.0,0.0,50.0,2.0,2.0,3.0,2.0,3507.0,3590.0,http://sabujpatra.com/PDF/page.php?email=&.rand=13vqcr8bp0gud&lc=1033&id=64855&mkt=en-us&cbcxt=mai&snsc=1,0.0,0.0,0.0,20200714,1.0,0.0,0.0,0.0,0.0,0.0,0.0,cd9a436916d829577ee534172ffefd7caa688df6
fa44eff1-4aff-48a8-8317-239a250928db,1.0,PT,16.0,0.0,0.0,3.0,11.0,4.0,7.0,0.0,0.0,0.0,58.0,40.0,18.0,Fatal Error - Frontend -  OTRS 6,0.0,0.0,0.0,0.0,12.0,11.0,0.0,0.0,0.0,0.0,2.0,2.0,1.0,1.0,395.0,1448.0,http://45.176.91.20/,1.0,0.0,0.0,20200714,1.0,3.0,0.0,0.0,0.0,0.0,0.0,4d1e89e1a19f9114184526f04101cac679979ce2
ca683390-32d8-4cf1-ab4e-0716db06a1e5,1.0,OP,34.0,3.0,1.0,71.0,5.0,3.0,2.0,0.0,0.0,0.0,170.0,126.0,44.0,"Alibaba Manufacturer Directory - Suppliers, Manufacturers, Exporters &amp; Importers ",2.0,0.0,0.0,0.0,19.0,30.0,0.0,0.0,37.0,0.0,5.0,8.0,7.0,2.0,882.0,1536.0,http://maxproavsolutions.com/css/biz.alibaba.com/Alibaba.com/Login.htm,48.0,0.0,0.0,20200717,1.0,4.0,0.0,0.0,0.0,0.0,0.0,924b79efbe44b5ed1d4a32a9f2feff47a9f52bb0
b838da40-2403-43a5-bc3d-a66d3c094bb4,1.0,OP,79.0,3.0,0.0,12.0,9.0,3.0,6.0,0.0,0.0,0.0,779.0,436.0,343.0,PostFinance AG,0.0,0.0,0.0,0.0,13.0,25.0,0.0,0.0,100.0,100.0,4.0,4.0,5.0,1.0,127.0,380.0,https://rkb2dpcvykxwe3cckaxhy2sdpq--www-postfinance-ch.translate.goog/ap/ba/fp/html/e-finance/home,0.0,0.0,0.0,20200719,1.0,130.0,0.0,0.0,0.0,0.0,0.0,f001cda7423ca8366184ea02e3b994c5f095aaf9
d18c23cd-a3c3-4ff6-8e34-038efd0d4826,1.0,PT,53.0,5.0,0.0,21.0,3.0,1.0,2.0,1.0,2.0,0.0,209.0,79.0,130.0,Santander MÃ³vil,0.0,0.0,0.0,0.0,1.0,14.0,0.0,0.0,43.0,25.0,4.0,4.0,4.0,3.0,299.0,301.0,http://www.dropshiptrainingph.com/www.santander.cl/pagina/UI.Web.Login/login.asp,12.0,0.0,0.0,20200719,1.0,22.0,2.0,0.0,0.0,0.0,0.0,5ea378e97fad3103e68d321909f459df9cd86ad9
51c3aa4a-5aed-48c4-848d-70233e83b033,1.0,OP,34.0,3.0,1.0,71.0,5.0,3.0,2.0,0.0,0.0,0.0,170.0,126.0,44.0,"Alibaba Manufacturer Directory - Suppliers, Manufacturers, Exporters &amp; Importers ",1.0,0.0,0.0,0.0,19.0,30.0,0.0,0.0,100.0,0.0,5.0,10.0,9.0,4.0,724.0,1641.0,http://dhyanmitra.com/tests/Login.htm,48.0,0.0,0.0,20200722,1.0,4.0,0.0,0.0,0.0,0.0,0.0,309f1f419f985a112912dd61174ccca634aa560a
83901ca4-0b80-406b-90a5-a1a47fc520a4,1.0,OP,25.0,2.0,1.0,29.0,10.0,7.0,3.0,0.0,0.0,0.0,119.0,35.0,84.0,Sign In,1.0,0.0,1.0,0.0,11.0,38.0,0.0,0.0,100.0,0.0,1.0,1.0,1.0,1.0,1494.0,1960.0,https://www.7a81.ru/h/,0.0,0.0,0.0,20200722,1.0,8.0,0.0,0.0,0.0,0.0,0.0,b239d5ac9a395c18a65fa233ad8d1546318817ad
019b7779-c9b0-4370-afbd-88335b583e57,1.0,OP,0.0,0.0,0.0,0.0,0.0,0.0,0.0,0.0,0.0,0.0,7.0,7.0,0.0,Service Unavailable,0.0,0.0,0.0,0.0,0.0,1.0,0.0,0.0,0.0,0.0,1.0,1.0,1.0,1.0,1.0,0.0,http://apple.phoneidtw.com/,0.0,0.0,0.0,20200723,1.0,0.0,0.0,0.0,0.0,0.0,0.0,7ed9600509eabb43bdd168c31511c1fde61c6acd
b16e29ad-ba94-4d78-aeea-1c8939816f62,1.0,PT,1.0,0.0,1.0,0.0,0.0,0.0,0.0,0.0,0.0,0.0,7.0,7.0,0.0, Mail Login [Session Expired],1.0,0.0,1.0,0.0,0.0,7.0,0.0,0.0,14.0,20.0,5.0,5.0,2.0,2.0,1296.0,1295.0,http://em2.massageenvyclinics.com/ls/click?upn=4Y3F6xKKKp7Qu3gMHf3xlMkaxWVzq6S56-2FnH2bSMyrvJeSiK9pNDKd5to9AG7dlLQhm96-2Fg2ZoFTnUCpTAXZk1mB8Ef-2Fy02uTp4YHOwiGF0-3DEvkm_UpAzGgRomVqbn19mXhRzYC9faxHzBpYEVKVlKxSXMmXk4Iq8zp4gz7OgkqZxt1lOAXpJbLxEddfuidIgq0w5Z4c7mjwv5QOAQrVEt5m7LGjoReiDlU3mCAad-2BiZtHuex3LLjE0zNVxEfWGXaeVV-2Bl10tIadvIjNl11cBre2t-2FT-2BWpF9CSJdFH9fubZPTIYQUZftJ-2F3bbLXOyN6VvX9scaU9ooTQ0yFfIYuvAIguIsx4-3D,0.0,0.0,0.0,20200723,1.0,0.0,0.0,0.0,0.0,0.0,0.0,91f74f54cc37f735a4bd959eb1d085b24e696036
3ba8376f-99d8-43d8-af8e-8e4c5c6a2156,1.0,PT,1.0,0.0,1.0,0.0,0.0,0.0,0.0,0.0,0.0,0.0,7.0,7.0,0.0, Mail Login [Session Expired],0.0,0.0,0.0,0.0,0.0,6.0,0.0,0.0,17.0,25.0,4.0,4.0,2.0,3.0,1137.0,1135.0,http://em2.massageenvyclinics.com/ls/click?upn=4Y3F6xKKKp7Qu3gMHf3xlMkaxWVzq6S56-2FnH2bSMyrvJeSiK9pNDKd5to9AG7dlLLo9gSkNLjeal3ZiJArDhmb8riXfb0b0fnRmnZakUwJE-3DzHVc_P-2FPmKJa2pHSU1oratfOM0Z6E93v7Inve66lQ9p8YX6qw0vH1Ma4Xa3ck2gEE61b1yiMt8ASlpPDks63HBQWqOoJQ2gxMj-2BqMR1H6iEOOZDObexlbi0uTdq2GhJEBQlCUnruGPzXi1sLIjL7gw4MNR2HEIGNVwCFygGpBrUmIoQwL50DDR6PZ6Y1rlkkiOJx8fn848Crpsuyg1sQdnjehIwwxvtIeMlBmQC0CFM5AnLw-3D,0.0,0.0,0.0,20200723,1.0,0.0,0.0,0.0,0.0,0.0,0.0,b4517ad0646a037bd2cf05df471db5f13f0e4ad0
db5fdfd2-e144-4624-9d42-29d4840c9b2b,1.0,PT,2.0,1.0,0.0,2.0,1.0,1.0,0.0,0.0,0.0,0.0,20.0,13.0,7.0,404 - Page Not Found,2.0,0.0,1.0,0.0,0.0,5.0,0.0,0.0,100.0,50.0,2.0,3.0,2.0,2.0,98.0,97.0,https://att-signin-wans.weebly.com/,0.0,0.0,0.0,20200723,1.0,1.0,0.0,0.0,0.0,0.0,0.0,97e1a4db42f63da92ac7d37d26d2e7889a10a844
1b36627c-52e6-49ec-bf4d-ae9b9478dbdd,1.0,OP,55.0,7.0,0.0,13.0,83.0,70.0,13.0,0.0,0.0,0.0,274.0,166.0,108.0,Page not found - drawings.ae,0.0,0.0,0.0,0.0,413.0,99.0,0.0,0.0,4.0,75.0,4.0,4.0,4.0,2.0,1371.0,3997.0,http://drawings.ae/Webmail/webmail.php,0.0,0.0,0.0,20200724,1.0,27.0,0.0,0.0,0.0,0.0,0.0,c8b748da71dce43896322004ac71af2ebdcba4b7
286c6fda-4264-4ee4-a336-7ce6a27b2c92,1.0,OP,22.0,0.0,0.0,0.0,56.0,18.0,38.0,0.0,0.0,0.0,109.0,107.0,2.0,"Î’ank of Î‘merica â€” Î’anking, ",0.0,0.0,0.0,0.0,233.0,30.0,0.0,0.0,0.0,0.0,1.0,1.0,2.0,1.0,74.0,356.0,http://yanddcleaning.com.au/Bank%20of%20America/app/f12894c6b09729b3e7ec24f6c400bd76/,0.0,0.0,0.0,20200727,1.0,0.0,0.0,0.0,0.0,0.0,0.0,02253dc6c0fee1f2da3880c069bd00c1128ede4b
31207392-5667-45a9-b860-07895fb6be5f,1.0,OP,4.0,1.0,1.0,5.0,4.0,2.0,2.0,0.0,0.0,0.0,81.0,78.0,3.0,LinkedIn: Business Invitation,0.0,0.0,0.0,0.0,6.0,29.0,0.0,0.0,62.0,28.0,18.0,19.0,18.0,4.0,1978.0,2044.0,http://cconstructora.com/wp/linkedin/source/?email=,0.0,0.0,0.0,20200727,1.0,0.0,0.0,0.0,0.0,0.0,0.0,53f3a713aef3cb2a56f4ac8652657fa38be1c255
006010c5-1749-4713-b444-f0ae55393d0d,1.0,OP,13.0,0.0,0.0,7.0,14.0,2.0,12.0,0.0,0.0,0.0,80.0,49.0,31.0,Netflix,4.0,0.0,1.0,0.0,8.0,24.0,0.0,0.0,96.0,67.0,4.0,6.0,7.0,4.0,569.0,1393.0,https://aapkaclassified.in/bootstrap/acabou.php?cadastro=#%3C?php%20echo%20$rnd;%20?%3E/BR,2.0,0.0,0.0,20200728,1.0,5.0,0.0,0.0,0.0,0.0,0.0,d58b96e8bf0783d665d10460f0c5e7a411f8df62
60cb5ce9-04a7-4053-a043-8cd69ce127de,1.0,OP,16.0,0.0,0.0,0.0,45.0,17.0,28.0,0.0,0.0,0.0,92.0,90.0,2.0,"Î’ank of Î‘merica â€” Î’anking, ",0.0,0.0,0.0,0.0,233.0,30.0,0.0,0.0,0.0,0.0,1.0,1.0,2.0,1.0,58.0,300.0,http://yanddcleaning.com.au/Bank%20of%20America/app/103b8fc778e44b97f3d8ea62c52ad66e/,0.0,0.0,0.0,20200728,1.0,0.0,0.0,0.0,0.0,0.0,0.0,411a382aa1ee6852a38ce8e191c88f72d45d26cf
dd7613e6-f1fe-4209-a9b0-c96a6ad23635,1.0,OP,21.0,5.0,0.0,6.0,4.0,2.0,2.0,0.0,0.0,0.0,56.0,16.0,40.0,Website sleeping | 000webhost,5.0,0.0,0.0,0.0,13.0,14.0,0.0,0.0,93.0,80.0,10.0,10.0,8.0,3.0,137.0,364.0,http://secureyouraccount12.000webhostapp.com/,4.0,0.0,0.0,20200728,1.0,2.0,0.0,0.0,0.0,0.0,0.0,cf17a3cafd62ea0fbb4dafd8426dc9745846a04b
48a1b36b-12be-4000-9006-3ea30fe92269,1.0,PT,1045.0,35.0,1.0,92.0,41.0,13.0,28.0,1.0,2.0,0.0,4851.0,2406.0,2445.0,Rick Astley - Never Gonna Give You Up (Video) - YouTube,6.0,4.0,1.0,4.0,106.0,78.0,0.0,0.0,100.0,86.0,10.0,14.0,14.0,3.0,6081.0,13026.0,https://www.paypal.ipc-capitai.com/signin,1.0,0.0,1.0,20200729,1.0,165.0,64.0,0.0,0.0,0.0,0.0,6527b5a542fd9bfc9be42925e911b193e00d66b0
8cc45563-f94c-4937-aed0-407e3c93a673,1.0,PT,36.0,0.0,0.0,2.0,15.0,15.0,0.0,0.0,5.0,0.0,94.0,44.0,50.0,ä¸‰äº•ä½å‹éŠ€è¡Œ,0.0,0.0,0.0,0.0,13.0,19.0,0.0,0.0,100.0,50.0,2.0,2.0,2.0,1.0,785.0,3525.0,https://smbc.co.jp.aib.aibgsjsw5001.jsp.btc918.vip/,0.0,0.0,0.0,20200729,1.0,13.0,1.0,0.0,0.0,0.0,0.0,bcf4028b76ac9b2543acdaabb5f972c531c5e395
cf94e243-ded7-484f-b9e8-f12ab9657ee9,1.0,PT,34.0,3.0,1.0,71.0,5.0,3.0,2.0,0.0,0.0,0.0,170.0,126.0,44.0,"Alibaba Manufacturer Directory - Suppliers, Manufacturers, Exporters &amp; Importers ",2.0,0.0,0.0,0.0,19.0,30.0,0.0,0.0,100.0,0.0,5.0,9.0,9.0,2.0,504.0,1429.0,http://novuskin.com/wp-content/plugins/ali/Aliibaba.com/Alibaba.com/Alibaba.com/Login.htm,48.0,0.0,0.0,20200730,1.0,4.0,0.0,0.0,0.0,0.0,0.0,2b8c22a4d9fb79024ae703332246b3a0f36f66df
82be66f7-0dbd-4fe4-bc46-8f7b1e3460c9,1.0,PT,15.0,3.0,0.0,0.0,5.0,4.0,1.0,1.0,4.0,0.0,76.0,40.0,36.0,Banco ItaÃº - Feito para vocÃª,1.0,0.0,1.0,0.0,6.0,10.0,0.0,0.0,40.0,75.0,4.0,4.0,4.0,3.0,97.0,320.0,http://185.220.34.68/app/device/inicio/aplicationInfoFisica_webApp.php,0.0,0.0,0.0,20200730,1.0,17.0,11.0,0.0,0.0,0.0,0.0,a9ecbee001a6032fd4e6b0da0aafe479cb15d40e
6178c621-73a0-4a93-aeed-5fc8ff5de7b3,1.0,PT,19.0,18.0,0.0,0.0,4.0,3.0,1.0,0.0,4.0,0.0,157.0,41.0,116.0,CaixaBank | banca digital CaixaBankNow,0.0,0.0,0.0,0.0,9.0,36.0,0.0,0.0,0.0,0.0,3.0,3.0,3.0,2.0,1698.0,2449.0,http://www.algtechsolutions.com/tmp/es/app.html,0.0,0.0,0.0,20200730,1.0,0.0,0.0,0.0,0.0,0.0,0.0,b6b88450eeebec8d5cb4f92e87aa92c0741b670c
eca1d26b-fd24-42da-86d4-6d0da929c9c6,1.0,PT,2.0,21.0,0.0,20.0,1.0,0.0,1.0,1.0,4.0,0.0,57.0,52.0,5.0,"Bank Of America - Banking, Credit Cards, Home Loans & Auto Loans",0.0,0.0,0.0,0.0,0.0,24.0,0.0,0.0,100.0,0.0,1.0,1.0,1.0,1.0,1381.0,1376.0,https://app.fretusfolks.com/boa/41d84f6ef8a7f4aae1a3a841da1e14d8/bankofamerica-login.php?cmd=https://www.bankofamerica.com/login_submit&amp;id/bankofamerica_account_verification_update=&amp;d012cffcf526af865666e314a41631a5d012cffcf526af865666e314a41631a5d012cffcf526af865666e314a41631a5d012cffcf526af865666e314a41631a5=&amp;bankofamerica-login_php=,14.0,0.0,0.0,20200730,1.0,0.0,0.0,0.0,0.0,0.0,0.0,d5e5e285b7eae390b89494eea6ff92fb01c6c3f9
180c961c-b43e-4085-bb65-207d11aca3f2,1.0,PT,2.0,21.0,0.0,20.0,1.0,0.0,1.0,1.0,4.0,0.0,57.0,52.0,5.0,"Bank Of America - Banking, Credit Cards, Home Loans & Auto Loans",0.0,0.0,0.0,0.0,0.0,24.0,0.0,0.0,100.0,0.0,1.0,1.0,1.0,1.0,1381.0,1376.0,https://app.fretusfolks.com/boa/41d84f6ef8a7f4aae1a3a841da1e14d8/bankofamerica-login.php?cmd=https://www.bankofamerica.com/login_submit&amp;id/bankofamerica_account_verification_update=&amp;89308ba109f4e22ef0814ad5c7ba48e889308ba109f4e22ef0814ad5c7ba48e889308ba109f4e22ef0814ad5c7ba48e889308ba109f4e22ef0814ad5c7ba48e8=&amp;bankofamerica-login_php=,14.0,0.0,0.0,20200730,1.0,0.0,0.0,0.0,0.0,0.0,0.0,ed611e3779b579a92488ae13a8ba361d91912d88
be110fa4-4b98-4d99-bb80-54ece15d96cd,1.0,PT,3.0,23.0,0.0,22.0,0.0,0.0,0.0,1.0,4.0,0.0,60.0,56.0,4.0,"Bank Of America - Banking, Credit Cards, Home Loans & Auto Loans",0.0,0.0,0.0,0.0,0.0,26.0,0.0,0.0,100.0,0.0,1.0,1.0,1.0,1.0,170.0,163.0,https://app.fretusfolks.com/boa/536f1d2c0d1aa680c015569c9b6291cb/bankofamerica-personal-confirm-your-email.php,15.0,0.0,0.0,20200730,1.0,0.0,0.0,0.0,0.0,0.0,0.0,656d7c93adbb5f2d922ef3b5a44d9f1e188d28dc
