UUID,label,source,div,img,iframe,a,script,external_script,internal_script,form,input,textarea,Tags,No-class Tags,class Tags,Title,Cookies,secure,session,httponly,JSGlobalVar,Requests,Ad-blocked,Malicious,HTTPS,IPv6,Domains,Subdomains,IPs,Countries,Transfer,Size,URL,OutGoingLinks,sensitive,session & httponly,folder,sensitive_label,hash_value,span,button,sensitive_case1,sensitive_case2,sensitive_case3,sensitive_case4
c5102fcc-9166-4a53-aede-a712441add44,1.0,OP,46.0,16.0,0.0,1.0,1.0,0.0,1.0,0.0,0.0,1.0,89.0,73.0,16.0,TRACK Express,0.0,0.0,0.0,0.0,9.0,16.0,0.0,0.0,0.0,0.0,1.0,1.0,1.0,1.0,398.0,394.0,http://2c3262d59d2716553.tempsite.link/Z0FE3F3AZS2AZ3/64542E98RD5A6DSAZF5R8RZ/6DE3ZF6RZGZED5/TRY+FZFPFEZMD/TRACKINGNUMBER/,0.0,0.0,0.0,20200702_1,1.0,bc4485b07ae3b248669346700cd6531d32880e81,0.0,0.0,0.0,0.0,0.0,0.0
b2153eab-790f-4b06-bc73-0d23a4e66593,1.0,OP,34.0,3.0,1.0,71.0,5.0,3.0,2.0,0.0,0.0,0.0,170.0,126.0,44.0,"Alibaba Manufacturer Directory - Suppliers, Manufacturers, Exporters &amp; Importers ",2.0,0.0,0.0,0.0,19.0,30.0,0.0,0.0,100.0,0.0,5.0,8.0,7.0,3.0,963.0,1618.0,https://hasmob.com/ngozi/alibaba.com/Login.htm,48.0,0.0,0.0,20200702_1,1.0,824a8526a87ccb3c8b4774f537a7c76eff1c3076,4.0,0.0,0.0,0.0,0.0,0.0
879f9b63-44a3-4517-b680-8c778ae238ce,1.0,OP,24.0,5.0,1.0,2.0,4.0,3.0,1.0,0.0,2.0,0.0,83.0,60.0,23.0,login,13.0,13.0,7.0,10.0,5.0,13.0,0.0,0.0,100.0,78.0,8.0,9.0,10.0,6.0,395.0,646.0,https://cucu91.com/js/candy/res/sharepoint/,0.0,0.0,6.0,20200702_1,1.0,8ae7b140fc14c1f046ef85d84391a8d29b050486,4.0,1.0,0.0,0.0,0.0,0.0
10139e75-bdf7-4195-a10c-6ae409504d7b,1.0,OP,255.0,4.0,0.0,28.0,8.0,5.0,3.0,0.0,0.0,0.0,364.0,64.0,300.0,Steam Community,2.0,0.0,0.0,0.0,37.0,29.0,0.0,0.0,62.0,57.0,7.0,7.0,7.0,3.0,434.0,1325.0,http://sassosassino420.000webhostapp.com/,14.0,0.0,0.0,20200702_1,1.0,946f016814d6b7a22d2adf3723b083885b90571f,9.0,0.0,0.0,0.0,0.0,0.0
1b7e8bcf-b31a-4714-95e6-8ceae71c1037,1.0,OP,24.0,0.0,1.0,19.0,3.0,1.0,2.0,0.0,0.0,0.0,82.0,47.0,35.0,": Welcome, Email Protect :",0.0,0.0,0.0,0.0,16.0,22.0,0.0,0.0,0.0,0.0,1.0,1.0,1.0,1.0,804.0,798.0,http://mala-riba.com/view/,0.0,0.0,0.0,20200702_1,1.0,f781104c048a28cbb9829e29d142a311ad0b5ffa,0.0,0.0,0.0,0.0,0.0,0.0
034767cf-a323-4807-a54c-9184a19e0883,1.0,OP,10.0,1.0,0.0,6.0,4.0,3.0,1.0,0.0,2.0,0.0,61.0,54.0,7.0,Just a moment...,1.0,0.0,1.0,0.0,5.0,10.0,0.0,0.0,0.0,0.0,1.0,1.0,1.0,1.0,165.0,397.0,http://update-palpay.detrein.com/,0.0,0.0,0.0,20200702_1,1.0,b1704c06a0085a3c71c5b04d232f8b5a3f7a3105,0.0,1.0,0.0,0.0,0.0,0.0
62dc956f-23b9-4c94-9a88-0053e789c2c4,1.0,OP,2.0,0.0,0.0,3.0,0.0,0.0,0.0,0.0,0.0,0.0,56.0,41.0,15.0,GoDaddy Security - Access Denied,0.0,0.0,0.0,0.0,0.0,8.0,0.0,0.0,88.0,33.0,3.0,3.0,4.0,3.0,226.0,227.0,http://cocrehab.com/lda/po/company/code,3.0,0.0,0.0,20200702_1,1.0,5e50bbc707115007c3b47c540a00b20a3858d6cd,10.0,0.0,0.0,0.0,0.0,0.0
37621b7e-0eef-43da-8b5f-87afbb46fe43,1.0,OP,70.0,6.0,0.0,9.0,3.0,1.0,2.0,0.0,2.0,0.0,108.0,48.0,60.0,Sign in to Outlook,0.0,0.0,0.0,0.0,3.0,8.0,0.0,0.0,100.0,50.0,8.0,8.0,9.0,5.0,342.0,516.0,https://muggetlogin.oa.r.appspot.com/off365.html,0.0,0.0,0.0,20200702_1,1.0,a82b78f4a8ab37130bf0cf5a8bee8449cf750777,4.0,2.0,0.0,0.0,0.0,0.0
739da224-c70a-46d9-8c65-16e5b78866bd,1.0,PT,17.0,0.0,0.0,12.0,17.0,15.0,2.0,0.0,3.0,0.0,71.0,39.0,32.0,Sign In | Made-in-China.com,0.0,0.0,0.0,0.0,2.0,33.0,0.0,0.0,0.0,0.0,1.0,1.0,1.0,1.0,7.0,28.0,http://www.dsastars.org/main/wp-content/plugins/shell/madeinchina_clone/,12.0,0.0,0.0,20200702_1,1.0,16612ad2c8a926bd3a56ef948f90ea74afcf9133,8.0,1.0,0.0,0.0,0.0,0.0
58ce5bd5-f26a-4508-a952-f63a840dbee8,1.0,PT,83.0,5.0,0.0,46.0,12.0,8.0,4.0,0.0,0.0,0.0,353.0,72.0,281.0,PayPal: Summary,3.0,0.0,2.0,0.0,19.0,25.0,0.0,0.0,52.0,33.0,4.0,4.0,4.0,2.0,2390.0,4338.0,http://greteldeblock.com/panel/pp/PPL14/ppl/69ae4c1165d670b06bc44a7c90f0a394MDkwMDAzMThhMjM0ZGU2MzMwYzM3NGM2OGE1NjE4Yzg=/myaccount/thanks/?cmd=_thanks_you_PayPal&amp;dispatch=3288043afb6a2f87e0ecf42d7&amp;locale=en_NG,0.0,0.0,0.0,20200702_1,1.0,22ce3657a50d947bd9c03f1664a06a16b9931d13,86.0,5.0,0.0,0.0,0.0,0.0
17ad9c29-5a7c-4e67-96c2-570742d49fd4,1.0,PT,38.0,5.0,0.0,17.0,4.0,1.0,3.0,0.0,0.0,0.0,149.0,62.0,87.0,"Droptop-cs.com Counter-Strike - Best Settings & Gaming Gear Guides for CS:GO, Source & 1.6",1.0,0.0,0.0,1.0,16.0,8.0,0.0,0.0,88.0,100.0,1.0,1.0,1.0,1.0,140.0,367.0,http://reithracsellidi.tk/,0.0,0.0,0.0,20200702_2,1.0,a22437e928c324e167a891e867ceb6f8d3936c87,6.0,2.0,0.0,0.0,0.0,0.0
fc8eeffb-d494-43bd-bf8b-a2e75ebee5bb,1.0,PT,280.0,4.0,0.0,32.0,8.0,5.0,3.0,0.0,0.0,0.0,402.0,72.0,330.0,Steam Community,2.0,0.0,0.0,0.0,37.0,29.0,0.0,0.0,100.0,57.0,7.0,7.0,7.0,2.0,437.0,1357.0,https://sinchamax220402.000webhostapp.com/Steam-Community-4,13.0,0.0,0.0,20200702_2,1.0,41c48fed629f1391fa5e883353eab4b0569a35fc,13.0,0.0,0.0,0.0,0.0,0.0
164a43a0-1f78-4f6d-bb95-978741f0f0a3,1.0,PT,286.0,4.0,0.0,32.0,8.0,5.0,3.0,0.0,0.0,0.0,411.0,74.0,337.0,Steam Community,2.0,0.0,0.0,0.0,37.0,29.0,0.0,0.0,100.0,57.0,7.0,7.0,7.0,2.0,434.0,1335.0,https://sassosassino420.000webhostapp.com/Steam-Community-7,15.0,0.0,0.0,20200702_2,1.0,77d546bb1eea553829d35892c5b00df0a7d408c0,15.0,0.0,0.0,0.0,0.0,0.0
eac0313a-64f1-442c-ae73-e7229d27e714,1.0,PT,1396.0,66.0,0.0,232.0,8.0,5.0,3.0,0.0,0.0,0.0,1849.0,272.0,1577.0,Steam Community,2.0,0.0,0.0,0.0,37.0,71.0,0.0,0.0,100.0,38.0,8.0,9.0,8.0,3.0,332.0,1494.0,https://sassosassino420.000webhostapp.com/Steam-Community-3,65.0,0.0,0.0,20200702_2,1.0,fdf0d2eca59eae1ee5e637972802512da0a45885,11.0,0.0,0.0,0.0,0.0,0.0
414df459-4ec7-409c-a934-92566556288e,1.0,PT,286.0,4.0,0.0,32.0,8.0,5.0,3.0,0.0,0.0,0.0,411.0,74.0,337.0,Steam Community,2.0,0.0,0.0,0.0,37.0,29.0,0.0,0.0,100.0,57.0,7.0,7.0,7.0,2.0,435.0,1334.0,https://sassosassino420.000webhostapp.com/Steam-Community,14.0,0.0,0.0,20200702_2,1.0,b5653788f0a940e0fb9dd8711d79b2ebafb915c1,15.0,0.0,0.0,0.0,0.0,0.0
ce1d07ff-51a8-4336-a67a-1e93fad785ac,1.0,PT,45.0,2.0,0.0,4.0,4.0,4.0,0.0,0.0,6.0,0.0,112.0,45.0,67.0,Sign in,1.0,0.0,0.0,1.0,140.0,31.0,0.0,0.0,0.0,80.0,4.0,6.0,5.0,3.0,203.0,448.0,http://site9434107.92.webydo.com/,0.0,0.0,0.0,20200702_2,1.0,0d65b96311f973d0b337fa96be4b0bfce068f9bd,0.0,0.0,0.0,0.0,0.0,0.0
dbe58965-47a3-4c80-b6a9-4d2636ca6874,1.0,PT,45.0,2.0,0.0,4.0,4.0,4.0,0.0,0.0,4.0,0.0,119.0,20.0,99.0,Log in | WeTransfer,0.0,0.0,0.0,0.0,6.0,12.0,0.0,0.0,100.0,50.0,2.0,2.0,2.0,1.0,234.0,493.0,https://colegioviktorfrankl.edu.mx/wetransfer/wT/,0.0,0.0,0.0,20200702_2,1.0,7ec938b079fa5a30cac15165067e51594a3ba927,12.0,4.0,0.0,0.0,0.0,0.0
d77e8363-51fa-4de8-af9b-4c00c4135d8a,1.0,PT,36.0,4.0,2.0,3.0,5.0,2.0,3.0,0.0,0.0,0.0,80.0,66.0,14.0,sucurusalvirtualtransaccionesbancolombia.com,3.0,2.0,0.0,1.0,29.0,16.0,0.0,0.0,38.0,33.0,5.0,7.0,6.0,4.0,194.0,448.0,http://sucurusalvirtualtransaccionesbancolombia.com/,4.0,0.0,0.0,20200702_2,1.0,b066ef088e8e7f399749bd79842f236806e90b1e,3.0,5.0,0.0,0.0,0.0,0.0
c0c9e3bd-65c9-4ee8-96e9-99490bd82ffb,1.0,PT,20.0,3.0,0.0,5.0,8.0,7.0,1.0,0.0,3.0,0.0,81.0,39.0,42.0,Yaho0,0.0,0.0,0.0,0.0,7.0,14.0,0.0,0.0,86.0,83.0,7.0,8.0,7.0,3.0,171.0,609.0,https://firebasestorage.googleapis.com/v0/b/phlibarspamkrnalagahou.appspot.com/o/gh-n-yj-5-r-y%2Fet-3-rw-vc.html?alt=media&token=6c2b213b-4a0f-48a2-a38a-2f46bb98925a,0.0,0.0,0.0,20200702_2,1.0,a992e4a54b9863c46a32a68fe84f7af20ac0fdd2,13.0,3.0,0.0,0.0,0.0,0.0
1ae36143-228e-4d60-976c-975668a34011,1.0,PT,162.0,4.0,0.0,55.0,19.0,8.0,11.0,0.0,0.0,0.0,416.0,192.0,224.0,PayPal Sicherheit | PayPal CH,12.0,12.0,5.0,7.0,19.0,25.0,0.0,0.0,100.0,25.0,4.0,5.0,3.0,3.0,613.0,1840.0,https://www.oncecall.in/css/imagecache/vgf.32454,1.0,0.0,2.0,20200702_2,1.0,5a38fcb036980f571349e9ab746ba23e2217c630,5.0,3.0,0.0,0.0,0.0,0.0
cb11a469-0f1a-4697-af8f-24e6b119b10b,1.0,PT,21.0,2.0,0.0,0.0,4.0,1.0,3.0,0.0,15.0,0.0,64.0,21.0,43.0,Connectez-vous Ã  votre compte PayPal,0.0,0.0,0.0,0.0,8.0,2.0,0.0,0.0,100.0,50.0,2.0,2.0,3.0,2.0,246.0,305.0,https://cniresearchltd.com/admin/summernote/plugin/specialchars/config-information-compte.php,0.0,0.0,0.0,20200702_2,1.0,5847dad14aaecfcd8b05ab764a91330ae124c73c,0.0,3.0,0.0,0.0,0.0,0.0
4d5483dc-b34d-45af-bbe3-33533450b0de,1.0,PT,84.0,25.0,0.0,59.0,9.0,7.0,2.0,0.0,2.0,0.0,317.0,191.0,126.0,Netflix Gratuit | Compte Android/iOS/PC ,0.0,0.0,0.0,0.0,36.0,38.0,0.0,0.0,97.0,50.0,5.0,5.0,5.0,3.0,628.0,668.0,https://comptenetflixgratuit.club/generateurr,1.0,0.0,0.0,20200702_2,1.0,c87e7151ed0bf1b659fb677379f3757f631c61be,30.0,6.0,0.0,0.0,0.0,0.0
022881a4-c35b-4f9a-8711-fb93a491a938,1.0,PT,190.0,10.0,0.0,68.0,19.0,8.0,11.0,0.0,0.0,0.0,534.0,237.0,297.0,Mit PayPal rundum sicher geschÃ¼tzt,12.0,12.0,5.0,7.0,19.0,29.0,0.0,0.0,100.0,20.0,4.0,5.0,4.0,4.0,609.0,2069.0,http://nirmalind.com/shop/wp-admin/includes/9644iui_3636,7.0,0.0,2.0,20200702_2,1.0,82a29b03d10ed2e36aea7a5dc2687ef7eed45cdb,3.0,3.0,0.0,0.0,0.0,0.0
cf14cc56-f8d6-49cb-b2a3-f9264a31300c,1.0,PT,70.0,7.0,0.0,9.0,2.0,1.0,1.0,0.0,2.0,0.0,106.0,45.0,61.0,Sign in to Outlook,0.0,0.0,0.0,0.0,3.0,12.0,0.0,0.0,17.0,67.0,3.0,3.0,3.0,2.0,437.0,519.0,http://pattybarrueta.com/dale/somersetpm/office/,0.0,0.0,0.0,20200702_3,1.0,2940acbd9c5071f936e8b5b32256b7fc56ccb804,4.0,2.0,0.0,0.0,0.0,0.0
b1d6b1e1-75cf-45a3-bee1-86e9a5629926,1.0,PT,5.0,1.0,0.0,4.0,5.0,0.0,5.0,1.0,3.0,0.0,97.0,97.0,0.0,OneDrive Cloud for ,0.0,0.0,0.0,0.0,0.0,2.0,0.0,0.0,0.0,0.0,1.0,1.0,1.0,1.0,29.0,29.0,http://santaremplay.com.br/.onedrivee/2hosts/error.php?email=,0.0,0.0,0.0,20200702_3,1.0,47d8d246bf89bb50f352c0172436a6b761f0ce65,0.0,0.0,0.0,0.0,0.0,0.0
33ccd214-894a-4b8c-b168-db62aa9518f0,1.0,PT,108.0,9.0,1.0,110.0,12.0,8.0,4.0,0.0,0.0,0.0,539.0,227.0,312.0,Login - Mail.Ru,0.0,0.0,0.0,0.0,17.0,42.0,0.0,0.0,7.0,20.0,5.0,7.0,6.0,3.0,633.0,1552.0,http://preparedplans.com/wp/mail.ru/,72.0,0.0,0.0,20200702_3,1.0,e95fe85d2f6a05026b5b96db5f6f7302f296f21d,57.0,2.0,0.0,0.0,0.0,0.0
4c454a6c-3474-49fa-b52e-0c5e27ef5d59,1.0,PT,22.0,4.0,0.0,0.0,5.0,2.0,3.0,0.0,0.0,0.0,54.0,47.0,7.0,æŸ¥æ‰¾æˆ‘çš„ iPhone,1.0,0.0,1.0,0.0,14.0,8.0,0.0,0.0,0.0,0.0,1.0,1.0,1.0,1.0,117.0,236.0,http://216.83.55.154/mim/2hi91w79p8030281310y14058cl9u959e215u46f2315c4lq36.html,0.0,0.0,0.0,20200702_3,1.0,5eec505114fa840aafe8d359f6bb61b37b6eb9d4,1.0,0.0,0.0,0.0,0.0,0.0
93598112-26b7-4fe1-8c3c-42a35faa6c35,1.0,PT,20.0,3.0,0.0,3.0,8.0,7.0,1.0,0.0,4.0,0.0,80.0,42.0,38.0,webamiI,0.0,0.0,0.0,0.0,8.0,13.0,0.0,0.0,100.0,86.0,7.0,8.0,8.0,3.0,552.0,1151.0,https://storage.googleapis.com/bf8734f9wg937hfuwbfug9hftu57.appspot.com/bv8%203tf%20g7wf/dhbfy%20rgf%20ibw#,0.0,0.0,0.0,20200702_3,1.0,75f6071091fa714c434f0e05d20572484b436784,12.0,2.0,0.0,0.0,0.0,0.0
f85d1b67-28b8-40ae-9ab6-4e8351202849,1.0,PT,12.0,2.0,0.0,5.0,10.0,7.0,3.0,0.0,0.0,0.0,112.0,84.0,28.0,"Gmail Erstellen | Gmail Konto Erstellen : Adresse, Account",3.0,0.0,0.0,0.0,15.0,19.0,0.0,0.0,100.0,67.0,6.0,6.0,5.0,2.0,258.0,497.0,https://gmailerstellen.de/,1.0,0.0,0.0,20200702_3,1.0,1189d2b72d3998229c47d6b9ad5047c4b7a7e71c,2.0,0.0,0.0,0.0,0.0,0.0
487636b9-9e78-49e1-9aab-69c06eca0af8,1.0,PT,72.0,2.0,2.0,1.0,8.0,4.0,4.0,0.0,3.0,0.0,2825.0,2735.0,90.0,Email Security and Phish/Spam Filter Update,4.0,0.0,0.0,0.0,32.0,34.0,0.0,0.0,68.0,71.0,7.0,8.0,7.0,5.0,4792.0,5318.0,http://emailfilter-update.sitebeat.site/,1.0,0.0,0.0,20200702_3,1.0,0ffe94d11165b7c48a354958071ad8ba839d4669,8.0,1.0,0.0,0.0,0.0,0.0
01658573-3c43-45eb-aa38-fd5dbae7c344,1.0,PT,170.0,8.0,0.0,7.0,12.0,9.0,3.0,0.0,3.0,0.0,265.0,48.0,217.0,"
Entrarsuporte-br",1.0,0.0,0.0,0.0,41.0,33.0,0.0,0.0,67.0,100.0,8.0,9.0,8.0,1.0,226.0,734.0,http://www.xweb.io/free/entrarsuporte/entrarsuporte-br,5.0,0.0,0.0,20200702_3,1.0,83c9ba2867bd6f4ae9f429f78faebca3ada4d36b,3.0,2.0,0.0,0.0,0.0,0.0
7f10a17b-903c-46d8-abda-b11094af0bfc,1.0,PT,37.0,16.0,0.0,5.0,8.0,5.0,3.0,0.0,3.0,0.0,411.0,355.0,56.0,Paypal Money adder Online,0.0,0.0,0.0,0.0,15.0,33.0,0.0,0.0,82.0,0.0,2.0,2.0,2.0,1.0,946.0,1307.0,http://grabyourcode.com/paypal/adder/index.html,1.0,0.0,0.0,20200702_3,1.0,e5399353fe14524e86969ada18fcfa9818a4838c,9.0,2.0,0.0,0.0,0.0,0.0
189fc180-69f6-411f-852e-b226df1afc60,1.0,PT,69.0,0.0,0.0,4.0,4.0,4.0,0.0,0.0,10.0,0.0,150.0,53.0,97.0,Home,1.0,0.0,0.0,1.0,140.0,29.0,0.0,0.0,0.0,83.0,4.0,6.0,6.0,3.0,142.0,400.0,http://site9552191.92.webydo.com/,0.0,0.0,0.0,20200702_3,1.0,e6a4622b4dd282fdf6fde23172960c8ec219d23b,0.0,0.0,0.0,0.0,0.0,0.0
503bd1d1-33b9-4724-ad5c-abd00ed804be,1.0,PT,16.0,0.0,0.0,1.0,5.0,3.0,2.0,0.0,2.0,0.0,59.0,40.0,19.0, Rocky Liker | Token Generator,3.0,0.0,0.0,0.0,13.0,32.0,0.0,0.0,19.0,86.0,7.0,7.0,7.0,3.0,239.0,788.0,http://rockysite.net/i_logins/,1.0,0.0,0.0,20200702_3,1.0,f991a69a0ac24f4a2b043dcf4be599c072490539,0.0,1.0,0.0,0.0,0.0,0.0
2354b053-62de-45dd-a469-625cfa84d46a,1.0,PT,53.0,5.0,1.0,35.0,16.0,14.0,2.0,0.0,2.0,0.0,177.0,89.0,88.0,Yolikers | Generate Auto Liker Token,5.0,0.0,1.0,1.0,96.0,41.0,0.0,0.0,100.0,64.0,11.0,16.0,12.0,3.0,502.0,1386.0,https://yolikers.com/token_gen.php,4.0,0.0,0.0,20200702_3,1.0,134d748594fdf91653207a8d4312a5218c6648c7,5.0,2.0,0.0,0.0,0.0,0.0
de36862b-05dc-4078-a62f-2bd96d9ed3c0,1.0,PT,283.0,2.0,1.0,0.0,11.0,5.0,6.0,0.0,2.0,0.0,350.0,51.0,299.0,Black Wolf,3.0,1.0,1.0,1.0,41.0,15.0,0.0,0.0,100.0,57.0,6.0,7.0,8.0,3.0,793.0,2627.0,https://worldativelion.my-free.website/,0.0,0.0,0.0,20200702_3,1.0,49473e75863ff0b028bc420884364d138544cf3b,11.0,0.0,0.0,0.0,0.0,0.0
2394d3b4-4310-4636-9a8a-a3a74cf3cb68,1.0,PT,154.0,1.0,1.0,0.0,11.0,5.0,6.0,0.0,2.0,0.0,214.0,46.0,168.0,Home,3.0,1.0,1.0,1.0,41.0,13.0,0.0,0.0,100.0,57.0,6.0,7.0,8.0,3.0,595.0,2398.0,https://skk-mailservice.my-free.website/,0.0,0.0,0.0,20200702_3,1.0,403631f2844b27e3c58a7996c4e8928e7e999fc7,9.0,0.0,0.0,0.0,0.0,0.0
b363f0ca-d451-4204-84c3-a5946a909d56,1.0,PT,177.0,0.0,4.0,0.0,13.0,7.0,6.0,0.0,3.0,1.0,247.0,59.0,188.0,HOME,3.0,1.0,1.0,1.0,50.0,17.0,0.0,0.0,100.0,67.0,8.0,9.0,10.0,3.0,919.0,2844.0,https://segurana.my-free.website/,0.0,0.0,0.0,20200702_3,1.0,f6be657fde2f54c9536d438db1c14f82de07367c,12.0,0.0,0.0,0.0,0.0,0.0
833a5f60-fb04-499c-85da-c92c6161df07,1.0,PT,656.0,3.0,1.0,12.0,11.0,5.0,6.0,0.0,3.0,0.0,784.0,72.0,712.0,Home,3.0,1.0,1.0,1.0,41.0,19.0,0.0,0.0,100.0,50.0,6.0,8.0,9.0,3.0,1362.0,3357.0,https://customerservicesupport.my-free.website/,3.0,0.0,0.0,20200702_3,1.0,4a5ce08c5ccf6c0764f6dd360624c4f7d39c28ad,43.0,0.0,0.0,0.0,0.0,0.0
dac46a4f-f6dd-4f51-b7d6-69afebc61855,1.0,PT,361.0,1.0,6.0,0.0,13.0,7.0,6.0,0.0,8.0,2.0,457.0,63.0,394.0,Grossmont-Cuyamaca Community College District,3.0,1.0,1.0,1.0,50.0,19.0,0.0,0.0,100.0,67.0,8.0,9.0,10.0,3.0,803.0,2838.0,https://mailgcccdeduowa.my-free.website/,0.0,0.0,0.0,20200702_3,1.0,d314e7b38b9c04a5d04f00f23ce0a2ac498185ed,29.0,0.0,0.0,0.0,0.0,0.0
4c64be56-1005-47f9-9b73-544e16c0f7f8,1.0,PT,40.0,2.0,0.0,0.0,4.0,4.0,0.0,0.0,6.0,0.0,93.0,41.0,52.0,My Email Login,1.0,0.0,0.0,1.0,140.0,29.0,0.0,0.0,0.0,80.0,4.0,6.0,5.0,3.0,135.0,374.0,http://site9423773.92.webydo.com/,0.0,0.0,0.0,20200702_3,1.0,6af8762565ad4cbdd9831ea02558203fb5bb847b,0.0,0.0,0.0,0.0,0.0,0.0
20a6f837-5fb0-459f-ba9d-c7eeb423e61a,1.0,PT,42.0,2.0,0.0,4.0,4.0,4.0,0.0,0.0,6.0,0.0,109.0,46.0,63.0,My Email Login,1.0,0.0,0.0,1.0,140.0,30.0,0.0,0.0,0.0,83.0,4.0,6.0,6.0,3.0,151.0,395.0,http://site9423623.92.webydo.com/,0.0,0.0,0.0,20200702_3,1.0,ab0628a25d0f3dede0c00388b173a90b58b4d3d7,0.0,0.0,0.0,0.0,0.0,0.0
84251320-1618-4db7-a4ee-4b4a5e995485,1.0,PT,309.0,2.0,1.0,5.0,11.0,5.0,6.0,0.0,2.0,0.0,393.0,48.0,345.0,HOME,3.0,1.0,1.0,1.0,41.0,16.0,0.0,0.0,100.0,57.0,6.0,7.0,8.0,3.0,702.0,2539.0,https://smsverificationmms.myfreesites.net/,0.0,0.0,0.0,20200702_3,1.0,bfd617207d54f9e36073a649edbac2f0a030bdc6,25.0,0.0,0.0,0.0,0.0,0.0
43111379-b8c1-45b4-9c79-c9a3a694ac8e,1.0,PT,158.0,2.0,1.0,0.0,11.0,5.0,6.0,0.0,2.0,0.0,221.0,49.0,172.0,HOME,3.0,1.0,1.0,1.0,41.0,15.0,0.0,0.0,100.0,57.0,6.0,7.0,8.0,3.0,658.0,2460.0,https://smsorangephonemail.myfreesites.net/,0.0,0.0,0.0,20200702_3,1.0,b8d1636b4ca76f41332bbce8ffa6e7f6e7a25c47,10.0,0.0,0.0,0.0,0.0,0.0
7f8832ee-42a0-4962-8245-b28ba4cee47e,1.0,PT,166.0,1.0,1.0,0.0,11.0,5.0,6.0,0.0,2.0,0.0,231.0,53.0,178.0,HOME,3.0,1.0,1.0,1.0,41.0,14.0,0.0,0.0,100.0,57.0,6.0,7.0,8.0,3.0,674.0,2479.0,https://prosxsiuser.myfreesites.net/,0.0,0.0,0.0,20200702_3,1.0,e25ef9992cfe1a4a8975c09f461957d43c447381,10.0,0.0,0.0,0.0,0.0,0.0
c93c52b2-7ad6-45ac-ae2b-32fa868a1bc4,1.0,PT,65.0,4.0,0.0,1.0,18.0,14.0,4.0,0.0,4.0,0.0,129.0,40.0,89.0,"
SECURE-SERVER",1.0,0.0,0.0,0.0,50.0,44.0,0.0,0.0,64.0,100.0,11.0,12.0,11.0,2.0,468.0,1249.0,http://www.imxprs.com/free/verynize/secure-server,0.0,0.0,0.0,20200702_3,1.0,fdbd029bdf0673a6349e95a3db6a3867c43f09d6,3.0,1.0,0.0,0.0,0.0,0.0
7e8a05de-10de-4c78-94fe-2c3d97de9255,1.0,PT,91.0,6.0,0.0,2.0,18.0,14.0,4.0,0.0,4.0,0.0,169.0,51.0,118.0,"
owa\web",2.0,0.0,0.0,0.0,50.0,48.0,0.0,0.0,67.0,100.0,11.0,12.0,10.0,2.0,1041.0,1833.0,http://www.imxprs.com/free/emailupdatee/owaweb,0.0,0.0,0.0,20200702_3,1.0,84d008015e1164707884c77ceb0194500934c6cd,3.0,1.0,0.0,0.0,0.0,0.0
0a602f9c-a088-4d96-b6fc-6b50e010414f,1.0,PT,172.0,1.0,1.0,0.0,12.0,6.0,6.0,0.0,2.0,0.0,245.0,63.0,182.0,Home,3.0,1.0,1.0,1.0,53.0,15.0,0.0,0.0,100.0,63.0,6.0,9.0,8.0,3.0,639.0,2518.0,http://vtxmail2018.myfreesites.net/,0.0,0.0,0.0,20200702_3,1.0,a7c2938c0dcfd093a7a3b7daad3f33046e302d79,16.0,0.0,0.0,0.0,0.0,0.0
661dfa95-3694-47de-8bd1-2e1b8587f1e0,1.0,PT,149.0,1.0,1.0,0.0,11.0,5.0,6.0,0.0,2.0,0.0,214.0,52.0,162.0,Welcome,3.0,1.0,1.0,1.0,41.0,14.0,0.0,0.0,100.0,57.0,6.0,7.0,8.0,3.0,650.0,2447.0,http://smsenligne.myfreesites.net/,0.0,0.0,0.0,20200702_3,1.0,b33c6a1fef8e41f6f74aac67ef8264aecb21bc2e,11.0,0.0,0.0,0.0,0.0,0.0
3d440283-611b-4c12-803e-df1d91355f93,1.0,PT,171.0,2.0,1.0,0.0,11.0,5.0,6.0,0.0,2.0,0.0,238.0,52.0,186.0,Home,3.0,1.0,1.0,1.0,41.0,16.0,0.0,0.0,100.0,50.0,6.0,8.0,9.0,3.0,602.0,2411.0,http://smsorangesmsmessage.myfreesites.net/,0.0,0.0,0.0,20200702_3,1.0,09fba2f9abbe7f8f22a4a0b705fc805b54abc02e,12.0,0.0,0.0,0.0,0.0,0.0
eed2a9de-6f76-4f9b-b3de-57e806ad37d2,1.0,PT,152.0,2.0,1.0,0.0,11.0,5.0,6.0,0.0,2.0,0.0,216.0,50.0,166.0,Home,3.0,1.0,1.0,1.0,41.0,15.0,0.0,0.0,100.0,57.0,6.0,7.0,8.0,3.0,671.0,2469.0,http://vxdse.myfreesites.net/,0.0,0.0,0.0,20200702_3,1.0,53dcee0a0b0344aa4ec32a228024277c6c3ddf0c,11.0,0.0,0.0,0.0,0.0,0.0
4022a952-0ea1-4295-8533-e5abe5c2f538,1.0,PT,224.0,3.0,1.0,1.0,11.0,5.0,6.0,0.0,2.0,0.0,298.0,51.0,247.0,Home,3.0,1.0,1.0,1.0,41.0,16.0,0.0,0.0,100.0,57.0,6.0,7.0,8.0,3.0,689.0,2534.0,http://templat65sldh.myfreesites.net/,0.0,0.0,0.0,20200702_3,1.0,c03589e865baad2a1358932c9a5c02410322c819,16.0,0.0,0.0,0.0,0.0,0.0
a2b901cf-2287-4968-9d3f-c1b2061c0911,1.0,PT,158.0,2.0,1.0,0.0,11.0,5.0,6.0,0.0,2.0,0.0,223.0,51.0,172.0,HOME,3.0,1.0,1.0,1.0,41.0,15.0,0.0,0.0,100.0,57.0,6.0,7.0,8.0,3.0,658.0,2458.0,http://versionprowebss.myfreesites.net/,0.0,0.0,0.0,20200702_3,1.0,6408b2db46137467f700895cc78875ef669ed818,10.0,0.0,0.0,0.0,0.0,0.0
d44281db-37b1-4b5f-9e45-62a813475c1e,1.0,PT,64.0,4.0,0.0,1.0,18.0,14.0,4.0,0.0,4.0,0.0,125.0,40.0,85.0,"
accounttportal",0.0,0.0,0.0,0.0,50.0,39.0,0.0,0.0,59.0,100.0,11.0,12.0,10.0,2.0,344.0,1127.0,http://www.imxprs.com/free/webmaiil/accounttportal,0.0,0.0,0.0,20200702_3,1.0,b6d5a1563c21f7ac5fbff0b917a5351799afcc92,3.0,1.0,0.0,0.0,0.0,0.0
a1c8d152-8248-4bd3-b800-bf2968b9ed8d,1.0,PT,211.0,1.0,1.0,0.0,11.0,5.0,6.0,0.0,4.0,0.0,283.0,50.0,233.0,HOME,3.0,1.0,1.0,1.0,41.0,15.0,0.0,0.0,100.0,57.0,6.0,7.0,8.0,3.0,696.0,2498.0,http://unam.myfreesites.net/,0.0,0.0,0.0,20200702_3,1.0,6f69150c4e1964bdada70311edbe3075a750ba01,17.0,0.0,0.0,0.0,0.0,0.0
b99b827b-2fac-4f58-a28d-bed78dc7d259,1.0,PT,159.0,2.0,1.0,0.0,11.0,5.0,6.0,0.0,2.0,0.0,225.0,53.0,172.0,HOME,3.0,1.0,1.0,1.0,41.0,14.0,0.0,0.0,100.0,57.0,6.0,7.0,8.0,3.0,608.0,2407.0,http://starttsboxfile.myfreesites.net/,0.0,0.0,0.0,20200702_3,1.0,a565b77bd5f44716d8d6d82b0abe18a8ef0b0f41,11.0,0.0,0.0,0.0,0.0,0.0
a67c9d37-314d-447f-b377-d3a542112205,1.0,PT,168.0,1.0,1.0,0.0,11.0,5.0,6.0,0.0,3.0,0.0,233.0,49.0,184.0,Home,3.0,1.0,1.0,1.0,41.0,15.0,0.0,0.0,100.0,57.0,6.0,7.0,8.0,3.0,967.0,2763.0,http://prf-gov-br.myfreesites.net,0.0,0.0,0.0,20200702_3,1.0,837e9bde997022ce56a2c1d7fd911ab67bc0ff1e,12.0,0.0,0.0,0.0,0.0,0.0
3fbf4a7e-d306-4086-b319-8c533ca6c1d6,1.0,PT,238.0,2.0,1.0,1.0,11.0,5.0,6.0,0.0,2.0,0.0,316.0,57.0,259.0,sms,3.0,1.0,1.0,1.0,41.0,16.0,0.0,0.0,100.0,57.0,6.0,7.0,8.0,3.0,741.0,2593.0,http://repl-mess.myfreesites.net/,0.0,0.0,0.0,20200702_3,1.0,c459ecce23d982232b1bbf62704a18b911436c99,17.0,0.0,0.0,0.0,0.0,0.0
d9ea9231-2b53-4bef-b15f-c5cc33ee6814,1.0,PT,155.0,1.0,1.0,0.0,11.0,5.0,6.0,0.0,2.0,0.0,216.0,48.0,168.0,Home,3.0,1.0,1.0,1.0,41.0,13.0,0.0,0.0,100.0,57.0,6.0,7.0,8.0,3.0,609.0,2410.0,http://web-ca-admini.my-free.website/,0.0,0.0,0.0,20200702_3,1.0,6b28060c017ae3e4648202cae85e766140908d68,9.0,0.0,0.0,0.0,0.0,0.0
4148cea3-4646-4f6e-85b5-4ea70b0577bd,1.0,PT,159.0,1.0,1.0,0.0,11.0,5.0,6.0,0.0,2.0,0.0,224.0,52.0,172.0,HOME,3.0,1.0,1.0,1.0,41.0,14.0,0.0,0.0,100.0,63.0,6.0,7.0,8.0,3.0,619.0,2420.0,http://swisscom.myfreesites.net/,0.0,0.0,0.0,20200702_3,1.0,2236f49e4e9bde4e4c6e2486624a52f487841c81,12.0,0.0,0.0,0.0,0.0,0.0
30513b1d-88dd-481d-bff4-b0cf4107350f,1.0,PT,184.0,2.0,1.0,0.0,11.0,5.0,6.0,0.0,2.0,0.0,249.0,52.0,197.0,HOME,3.0,1.0,1.0,1.0,41.0,16.0,0.0,0.0,100.0,57.0,6.0,7.0,8.0,3.0,642.0,2453.0,http://sertyxese.myfreesites.net/,0.0,0.0,0.0,20200702_3,1.0,ca4d034d0239a0072d5d55c8e8d2dc85a9726f8d,10.0,0.0,0.0,0.0,0.0,0.0
76ddd5c3-dc1c-4c9f-96c3-984e8e3c3c4d,1.0,PT,119.0,5.0,0.0,3.0,18.0,14.0,4.0,0.0,5.0,0.0,201.0,46.0,155.0,"
outlookwebaccessupgrade",1.0,0.0,0.0,0.0,50.0,45.0,0.0,0.0,64.0,100.0,11.0,11.0,10.0,2.0,548.0,1348.0,http://www.imxprs.com/free/outlookwebaccessupgrade/outlookwebaccessupgrade,0.0,0.0,0.0,20200702_3,1.0,eeccb50a94598985525e4475b7f487b5771faf8a,4.0,1.0,0.0,0.0,0.0,0.0
fb0cc423-fb61-4369-891e-a729f76860b1,1.0,PT,224.0,2.0,1.0,0.0,11.0,5.0,6.0,0.0,3.0,1.0,297.0,46.0,251.0,Home,3.0,1.0,1.0,1.0,41.0,15.0,0.0,0.0,100.0,57.0,6.0,7.0,8.0,3.0,629.0,2465.0,http://updatemail.my-free.website/,0.0,0.0,0.0,20200702_3,1.0,66b970e9fe47847d3b6875edea1a3ac0aad13b41,17.0,0.0,0.0,0.0,0.0,0.0
d6af4ba9-c24d-46a2-b5fc-95cf9d710821,1.0,PT,242.0,0.0,1.0,0.0,11.0,5.0,6.0,0.0,6.0,0.0,317.0,46.0,271.0,Home,3.0,1.0,1.0,1.0,41.0,13.0,0.0,0.0,100.0,63.0,6.0,7.0,8.0,3.0,623.0,2409.0,http://opteckm.my-free.website/,0.0,0.0,0.0,20200702_3,1.0,3de11769944521af3a3f83f1a700991ce706a2b8,22.0,0.0,0.0,0.0,0.0,0.0
8d93a04a-4f94-4824-a076-7918063641cd,1.0,PT,214.0,0.0,1.0,0.0,11.0,5.0,6.0,0.0,5.0,0.0,284.0,46.0,238.0,Home,3.0,1.0,1.0,1.0,41.0,12.0,0.0,0.0,100.0,57.0,6.0,7.0,8.0,3.0,593.0,2389.0,http://web-adminportal.my-free.website/,0.0,0.0,0.0,20200702_3,1.0,63dbb36245ca946492012072727532be494b9719,18.0,0.0,0.0,0.0,0.0,0.0
d585d2ee-931b-450b-b44d-9440fad57d2f,1.0,PT,233.0,0.0,1.0,0.0,11.0,5.0,6.0,0.0,5.0,0.0,305.0,47.0,258.0,HOME,3.0,1.0,1.0,1.0,41.0,14.0,0.0,0.0,100.0,57.0,6.0,7.0,8.0,3.0,761.0,2560.0,http://serviceunit3.myfreesites.net,0.0,0.0,0.0,20200702_3,1.0,6aa2b815106771e15535bfb8cbb58408d6d3be36,18.0,0.0,0.0,0.0,0.0,0.0
38fe77e0-dd99-4c5c-a728-8b62b7c176fa,1.0,PT,233.0,0.0,1.0,0.0,11.0,5.0,6.0,0.0,5.0,0.0,310.0,51.0,259.0,HOME,3.0,1.0,1.0,1.0,41.0,13.0,0.0,0.0,100.0,57.0,6.0,7.0,8.0,3.0,721.0,2522.0,http://owaupgradeservice3.myfreesites.net/,0.0,0.0,0.0,20200702_3,1.0,1cc635e68c866ff45be2adfa958bf20cb4d8f46b,21.0,0.0,0.0,0.0,0.0,0.0
c4977c47-991e-4db8-8de2-cac11bc6f0c6,1.0,PT,190.0,1.0,1.0,0.0,11.0,5.0,6.0,0.0,3.0,0.0,258.0,51.0,207.0,Universitatea Politehnica din Bucuresti,3.0,1.0,1.0,1.0,41.0,13.0,0.0,0.0,100.0,57.0,6.0,7.0,8.0,3.0,631.0,2435.0,http://httpsmailupbro.my-free.website,0.0,0.0,0.0,20200702_3,1.0,6f7c7d86e9e802c1e316b9f79583f6a93e56ab3e,12.0,0.0,0.0,0.0,0.0,0.0
ad4f63cc-3587-4060-9402-1548d05435d7,1.0,PT,206.0,0.0,1.0,0.0,11.0,5.0,6.0,0.0,4.0,0.0,283.0,57.0,226.0,HOME,3.0,1.0,1.0,1.0,41.0,13.0,0.0,0.0,100.0,57.0,6.0,7.0,8.0,3.0,741.0,2542.0,http://webmailadmin0.myfreesites.net/,0.0,0.0,0.0,20200702_3,1.0,b80d7505a84ad1b35cd2c41c8ca01696c7c5f789,20.0,0.0,0.0,0.0,0.0,0.0
9d09772c-6bb7-42a8-a77c-ef673f5ff243,1.0,OP,7.0,1.0,0.0,1.0,3.0,2.0,1.0,0.0,4.0,0.0,55.0,54.0,1.0,EXCEL ONLINE,0.0,0.0,0.0,0.0,2.0,9.0,0.0,0.0,78.0,50.0,4.0,4.0,3.0,2.0,573.0,629.0,https://www.ultimateislandguide.com/wp_images/charlton/basque/bolton/excilefiless/excilefiless/,0.0,0.0,0.0,20200710,1.0,f284f8a6263451ef8735171fc7967c6e5a05db53,4.0,1.0,0.0,0.0,0.0,0.0
6ef8a0b3-d7a5-495c-896e-03c4ddbe6136,1.0,OP,70.0,6.0,0.0,9.0,2.0,1.0,1.0,0.0,2.0,0.0,105.0,45.0,60.0,Sign in to Outlook,0.0,0.0,0.0,0.0,3.0,11.0,0.0,0.0,18.0,100.0,3.0,3.0,3.0,3.0,355.0,516.0,http://newprojectdocument.uc.r.appspot.com/accessed11/index.html?common=oauth2.authorize?client_id=4345a7b9-9a63-4910-a426-35363201d503&redirect_uri=https:/www.office.com/landing&response_type=code%20id_token&scope=openid%20profile&response_mode=form_post&state=hssK1R06r3VcndOvbREFA528Uv4BZYHKPJ4l2fYBxyVUX6QufTMyg1e-ITKFEp3Ck7By5uz_nGKjOBU_6jFUtTUYRGApyetU0ABvh0-sue-lXYvNzKGdxrzqaK7pR8TISQPtcbsk1JB1njEnonce=6371459691255120.M2E3YzczOGQtNTJmZi00YzNkLTkxNDMtNDlkOGRhMDljZDdiMTQxM2IzNDgtMGUwNi00Zjk5LTgzMGYtZDhlOGEzYmVlMDNk&ui_locales=en-US&mkt=en-US&client-request-id=5f3bc0b1-d846-4f49-b5bc-73270dc49e37&8_6grNDQ15jFd7IAmQDH4ZT8pt4IJ08_Egk3yhJLZZhqSEsctu45tCOd3ve-PXYf_tHfEUZ1VDDPKadTPsoY1cNGJusAcyNLOS6bZrh5dr35yQOR3Oi1PJvN5vRM_50ryL_IzeCA&x-client-SKU=ID_NETSTANDARD2_0&x-client-ver=6.2.0.0,0.0,0.0,0.0,20200710,1.0,bf271a0656e5256957bd3edf0cba1d3ecb0536cf,4.0,2.0,0.0,0.0,0.0,0.0
830c73ef-27cd-42b7-9b94-88b8a8ef178d,1.0,OP,27.0,2.0,1.0,28.0,3.0,3.0,0.0,0.0,0.0,0.0,106.0,74.0,32.0,"Alibaba Manufacturer Directory - Suppliers, Manufacturers, Exporters &amp; Importers ",1.0,0.0,0.0,0.0,19.0,27.0,0.0,0.0,41.0,0.0,5.0,8.0,7.0,3.0,828.0,1737.0,http://tips10life.com/wp-includes/js/grc/newarrivalalibaba/Login.htm,5.0,0.0,0.0,20200710,1.0,4c0f8bc5375eb5cbc94ee8359b3d0854f9d5bb1b,4.0,0.0,0.0,0.0,0.0,0.0
144df48f-42f0-4aef-99eb-94e521d262d4,1.0,OP,34.0,3.0,1.0,71.0,15.0,9.0,6.0,0.0,0.0,0.0,180.0,137.0,43.0,"Alibaba Manufacturer Directory - Suppliers, Manufacturers, Exporters &amp; Importers ",0.0,0.0,0.0,0.0,28.0,39.0,0.0,0.0,56.0,9.0,7.0,14.0,11.0,6.0,1087.0,1962.0,http://www.alibaba.vritta.in/Alibaba.com/index-login.html,47.0,0.0,0.0,20200710,1.0,e6ca4734c6fca03f6150bf4e134a2cd3bc6fcde9,4.0,0.0,0.0,0.0,0.0,0.0
d94bbb27-10eb-42ec-b409-faf4b2373d08,1.0,OP,4.0,4.0,0.0,4.0,5.0,5.0,0.0,0.0,3.0,0.0,104.0,100.0,4.0,PDF Viewer,0.0,0.0,0.0,0.0,9.0,11.0,0.0,0.0,91.0,0.0,1.0,1.0,1.0,1.0,246.0,327.0,http://serenadeofsouls.com/wp-content/plugins/contact-form-7/includes/Skin/PDF/index.php,0.0,0.0,0.0,20200710,1.0,7aa209705d3249d8a0b14944e403a48bf33ac337,10.0,0.0,0.0,0.0,0.0,0.0
ebbd88b6-8265-48f5-99a0-3d3342a62cbc,1.0,OP,26.0,7.0,1.0,22.0,1.0,1.0,0.0,0.0,0.0,0.0,82.0,52.0,30.0,BancoEstado Personas | Banca en LÃ­nea,0.0,0.0,0.0,0.0,2.0,32.0,0.0,0.0,0.0,0.0,1.0,1.0,1.0,1.0,342.0,544.0,http://houseoftaho.com/mants/imagenes/comun2008/banca-en-linea-personas.html,1.0,0.0,0.0,20200710,1.0,46e02d285f14f8ac08722264e06aece2cbbc7414,1.0,0.0,0.0,0.0,0.0,0.0
c6283608-9747-4019-bb10-8aa70af1ac09,1.0,OP,22.0,7.0,1.0,4.0,5.0,3.0,2.0,0.0,4.0,0.0,114.0,78.0,36.0,login,13.0,13.0,7.0,10.0,7.0,14.0,0.0,0.0,100.0,50.0,8.0,9.0,9.0,5.0,441.0,687.0,https://www.furryfootsteps.com/sw/swqa.html,0.0,0.0,6.0,20200710,1.0,599d7a18f2910d7a23b3664be392b2baa383dd3c,5.0,2.0,0.0,0.0,0.0,0.0
47f8e328-c8b3-4c99-85ec-77129e57efca,1.0,PT,29.0,10.0,0.0,96.0,27.0,18.0,9.0,0.0,0.0,0.0,346.0,175.0,171.0,Page not found | IES Breckland,4.0,0.0,0.0,0.0,27.0,51.0,0.0,0.0,100.0,80.0,5.0,5.0,5.0,2.0,1406.0,1532.0,https://www.breckland.iesschools.co.uk/wells/home/myaccount/emailaccess,10.0,0.0,0.0,20200710,1.0,1ee971d4df16d5ae3a17b20c611ea1570cbf1665,16.0,2.0,0.0,0.0,0.0,0.0
d4691786-2b15-4abe-b495-c9d27a2d4aec,1.0,PT,18.0,3.0,0.0,3.0,8.0,7.0,1.0,0.0,4.0,0.0,76.0,40.0,36.0,Office 365,0.0,0.0,0.0,0.0,7.0,13.0,0.0,0.0,100.0,86.0,7.0,8.0,8.0,3.0,548.0,1148.0,https://storage.googleapis.com/bkjbgqladbradk2.appspot.com/ebka/Vo%25p%2BO%40%2C9vZ%23%60.Bb*%3Fp.html,0.0,0.0,0.0,20200710,1.0,bf6ecdd1751d8df8d392c660d7d30506750fc7ce,11.0,2.0,0.0,0.0,0.0,0.0
13f8af8d-44a4-4133-800e-022ed596ac71,1.0,PT,54.0,2.0,2.0,12.0,24.0,5.0,19.0,0.0,0.0,0.0,191.0,143.0,48.0,ilyasdxih,3.0,2.0,0.0,2.0,47.0,23.0,0.0,0.0,96.0,100.0,5.0,10.0,10.0,1.0,285.0,891.0,https://sites.google.com/site/ilyasdxih/,1.0,0.0,0.0,20200710,1.0,837fe1b6495f7122e0a2002c901a6dcd574c6254,21.0,0.0,0.0,0.0,0.0,0.0
6379df93-31a7-4a3f-8758-a9fa0b50a0e2,1.0,OP,4.0,1.0,1.0,4.0,4.0,2.0,2.0,0.0,0.0,0.0,79.0,75.0,4.0,DHL Express | Track Shipment,2.0,1.0,0.0,2.0,0.0,9.0,0.0,0.0,100.0,50.0,2.0,3.0,2.0,2.0,21.0,39.0,https://xtronbikewear.co.uk/dhl_topscript/source/index.php?email=vamsidhar.nookala@iifl.com,0.0,0.0,0.0,20200711,1.0,d16da3ac91abd96b565ef2304a49376f50620caf,0.0,0.0,0.0,0.0,0.0,0.0
a721827a-156f-4275-9399-c495c1b2df84,1.0,OP,45.0,12.0,0.0,23.0,10.0,2.0,8.0,0.0,13.0,0.0,167.0,118.0,49.0,Sign On to View Your Personal Accounts | Wells Fargo,0.0,0.0,0.0,0.0,9.0,8.0,0.0,0.0,13.0,50.0,2.0,2.0,3.0,2.0,484.0,818.0,http://bdkmakassar.net/vendor/webmozart/we/signin.php?cmd=login_submit&id=ef3659c4862c0402d6d86c75ceddd397ef3659c4862c0402d6d86c75ceddd397&session=ef3659c4862c0402d6d86c75ceddd397ef3659c4862c0402d6d86c75ceddd397,16.0,0.0,0.0,20200712,1.0,7525b1ccf0be52851b8065253f6071593c91c67b,4.0,0.0,0.0,0.0,0.0,0.0
85079f73-c241-4555-b0e9-70cfcaddeb49,1.0,PT,100.0,11.0,0.0,7.0,11.0,9.0,2.0,0.0,2.0,0.0,185.0,34.0,151.0,"
Xtra247",1.0,0.0,0.0,0.0,45.0,37.0,0.0,0.0,73.0,100.0,8.0,9.0,8.0,2.0,249.0,785.0,http://www.xweb.io/free/webs247/xtra247,4.0,0.0,0.0,20200712,1.0,c07ad52e74d21e913ed6351c534f74d32c93e02a,5.0,1.0,0.0,0.0,0.0,0.0
39219acf-8475-4a05-92e1-ddbaebe61cde,1.0,OP,278.0,4.0,0.0,32.0,8.0,5.0,3.0,0.0,0.0,0.0,400.0,72.0,328.0,Steam Community,2.0,0.0,0.0,0.0,37.0,29.0,0.0,0.0,100.0,57.0,7.0,7.0,7.0,3.0,435.0,1354.0,https://sinchamax220402.000webhostapp.com/,12.0,0.0,0.0,20200714,1.0,02ef76d65755c35b115d3db2edcffbae91b5acc1,13.0,0.0,0.0,0.0,0.0,0.0
6ad95367-3a15-44e2-ad70-7873db4a9d93,1.0,OP,6.0,2.0,1.0,6.0,2.0,0.0,2.0,0.0,0.0,0.0,61.0,59.0,2.0,Excel Online,0.0,0.0,0.0,0.0,3.0,7.0,0.0,0.0,0.0,50.0,2.0,2.0,3.0,2.0,3507.0,3590.0,http://sabujpatra.com/PDF/page.php?email=&.rand=13vqcr8bp0gud&lc=1033&id=64855&mkt=en-us&cbcxt=mai&snsc=1,0.0,0.0,0.0,20200714,1.0,cd9a436916d829577ee534172ffefd7caa688df6,0.0,0.0,0.0,0.0,0.0,0.0
fa44eff1-4aff-48a8-8317-239a250928db,1.0,PT,16.0,0.0,0.0,3.0,11.0,4.0,7.0,0.0,0.0,0.0,58.0,40.0,18.0,Fatal Error - Frontend -  OTRS 6,0.0,0.0,0.0,0.0,12.0,11.0,0.0,0.0,0.0,0.0,2.0,2.0,1.0,1.0,395.0,1448.0,http://45.176.91.20/,1.0,0.0,0.0,20200714,1.0,4d1e89e1a19f9114184526f04101cac679979ce2,3.0,0.0,0.0,0.0,0.0,0.0
7402c485-fa6d-4213-b789-8276577ce704,1.0,OP,19.0,5.0,1.0,1.0,4.0,3.0,1.0,0.0,2.0,0.0,80.0,59.0,21.0,SÂ­iÂ­gÂ­n iÂ­n tÂ­o yÂ­oÂ­uÂ­r aÂ­cÂ­cÂ­oÂ­uÂ­nÂ­t,13.0,13.0,7.0,10.0,5.0,14.0,0.0,0.0,100.0,67.0,9.0,10.0,9.0,5.0,164.0,415.0,https://fret-5480b.web.app/,0.0,0.0,6.0,20200717,1.0,b0661566ab3f9eb570d08d8fcabf3f69706c6d34,4.0,1.0,0.0,0.0,0.0,0.0
b838da40-2403-43a5-bc3d-a66d3c094bb4,1.0,OP,79.0,3.0,0.0,12.0,9.0,3.0,6.0,0.0,0.0,0.0,779.0,436.0,343.0,PostFinance AG,0.0,0.0,0.0,0.0,13.0,25.0,0.0,0.0,100.0,100.0,4.0,4.0,5.0,1.0,127.0,380.0,https://rkb2dpcvykxwe3cckaxhy2sdpq--www-postfinance-ch.translate.goog/ap/ba/fp/html/e-finance/home,0.0,0.0,0.0,20200719,1.0,f001cda7423ca8366184ea02e3b994c5f095aaf9,130.0,0.0,0.0,0.0,0.0,0.0
8f8e535e-b831-4551-a9f7-35943f6084a1,1.0,OP,43.0,9.0,0.0,12.0,10.0,9.0,1.0,0.0,12.0,0.0,265.0,232.0,33.0,Welcome to ATB Online Business,0.0,0.0,0.0,0.0,164.0,27.0,0.0,0.0,7.0,0.0,3.0,3.0,3.0,2.0,1020.0,1012.0,https://150.136.137.192/banks/ATB/business.html,6.0,0.0,0.0,20200720,1.0,e693249f93f749a177a6d022b71251a88add139d,10.0,0.0,0.0,0.0,0.0,0.0
a6ffbbda-266f-4297-ae35-d5a50813c342,1.0,PT,74.0,1.0,0.0,1.0,6.0,3.0,3.0,0.0,4.0,0.0,3166.0,3072.0,94.0,Cleaning Services,4.0,0.0,0.0,0.0,30.0,25.0,0.0,0.0,60.0,71.0,5.0,7.0,7.0,5.0,5004.0,5459.0,http://sp898306.sitebeat.site/,1.0,0.0,0.0,20200720,1.0,cdd37a720c8291b6867d8c2aeab64dad44c11629,7.0,1.0,0.0,0.0,0.0,0.0
83901ca4-0b80-406b-90a5-a1a47fc520a4,1.0,OP,25.0,2.0,1.0,29.0,10.0,7.0,3.0,0.0,0.0,0.0,119.0,35.0,84.0,Sign In,1.0,0.0,1.0,0.0,11.0,38.0,0.0,0.0,100.0,0.0,1.0,1.0,1.0,1.0,1494.0,1960.0,https://www.7a81.ru/h/,0.0,0.0,0.0,20200722,1.0,b239d5ac9a395c18a65fa233ad8d1546318817ad,8.0,0.0,0.0,0.0,0.0,0.0
019b7779-c9b0-4370-afbd-88335b583e57,1.0,OP,0.0,0.0,0.0,0.0,0.0,0.0,0.0,0.0,0.0,0.0,7.0,7.0,0.0,Service Unavailable,0.0,0.0,0.0,0.0,0.0,1.0,0.0,0.0,0.0,0.0,1.0,1.0,1.0,1.0,1.0,0.0,http://apple.phoneidtw.com/,0.0,0.0,0.0,20200723,1.0,7ed9600509eabb43bdd168c31511c1fde61c6acd,0.0,0.0,0.0,0.0,0.0,0.0
e4318b81-fd79-4695-8ed6-24444e1e81c3,1.0,OP,2.0,1.0,0.0,2.0,1.0,1.0,0.0,0.0,0.0,0.0,20.0,13.0,7.0,404 - Page Not Found,3.0,0.0,1.0,0.0,0.0,5.0,0.0,0.0,100.0,67.0,2.0,3.0,3.0,2.0,98.0,97.0,https://attyahooupgrading.weebly.com/,0.0,0.0,0.0,20200723,1.0,97e1a4db42f63da92ac7d37d26d2e7889a10a844,1.0,0.0,0.0,0.0,0.0,0.0
4dc01edf-2d9e-4dbd-9151-eed5669ce5b7,1.0,OP,28.0,6.0,0.0,2.0,6.0,3.0,3.0,0.0,9.0,0.0,72.0,38.0,34.0,Outlook Web App,0.0,0.0,0.0,0.0,15.0,8.0,0.0,0.0,100.0,100.0,4.0,5.0,6.0,3.0,200.0,460.0,https://firebasestorage.googleapis.com/v0/b/enb3000440040go4004233.appspot.com/o/index.html?alt=media&token=a50e0b7d-b3cc-4fc4-b193-f9d845f8bbfc#honeypot@domain.com,0.0,0.0,0.0,20200723,1.0,a876c624a641e2fd103f56a5735695b3a0e588e4,5.0,0.0,0.0,0.0,0.0,0.0
d5324fc5-dd59-4def-9c54-43b2df1752ca,1.0,OP,5.0,0.0,0.0,1.0,0.0,0.0,0.0,0.0,0.0,0.0,19.0,11.0,8.0,Account Suspended,0.0,0.0,0.0,0.0,0.0,3.0,0.0,0.0,100.0,0.0,2.0,2.0,3.0,1.0,55.0,82.0,https://spll.co.in/usa.html,0.0,0.0,0.0,20200723,1.0,a61fc2b0fb208924b3d739e10c1db0400f8a09de,1.0,0.0,0.0,0.0,0.0,0.0
b16e29ad-ba94-4d78-aeea-1c8939816f62,1.0,PT,1.0,0.0,1.0,0.0,0.0,0.0,0.0,0.0,0.0,0.0,7.0,7.0,0.0, Mail Login [Session Expired],1.0,0.0,1.0,0.0,0.0,7.0,0.0,0.0,14.0,20.0,5.0,5.0,2.0,2.0,1296.0,1295.0,http://em2.massageenvyclinics.com/ls/click?upn=4Y3F6xKKKp7Qu3gMHf3xlMkaxWVzq6S56-2FnH2bSMyrvJeSiK9pNDKd5to9AG7dlLQhm96-2Fg2ZoFTnUCpTAXZk1mB8Ef-2Fy02uTp4YHOwiGF0-3DEvkm_UpAzGgRomVqbn19mXhRzYC9faxHzBpYEVKVlKxSXMmXk4Iq8zp4gz7OgkqZxt1lOAXpJbLxEddfuidIgq0w5Z4c7mjwv5QOAQrVEt5m7LGjoReiDlU3mCAad-2BiZtHuex3LLjE0zNVxEfWGXaeVV-2Bl10tIadvIjNl11cBre2t-2FT-2BWpF9CSJdFH9fubZPTIYQUZftJ-2F3bbLXOyN6VvX9scaU9ooTQ0yFfIYuvAIguIsx4-3D,0.0,0.0,0.0,20200723,1.0,91f74f54cc37f735a4bd959eb1d085b24e696036,0.0,0.0,0.0,0.0,0.0,0.0
a3172921-6952-4ca6-ba56-b2d6721db0f0,1.0,PT,13.0,1.0,0.0,11.0,4.0,3.0,1.0,0.0,0.0,0.0,68.0,38.0,30.0,Auto Atendimento Banco do Brasil,0.0,0.0,0.0,0.0,15.0,5.0,0.0,0.0,0.0,0.0,1.0,1.0,2.0,1.0,64.0,204.0,http://ssicontabil.com/Chavej/,0.0,0.0,0.0,20200723,1.0,36335c1ee5e978add4bb5a0f14699a2114348266,3.0,3.0,0.0,0.0,0.0,0.0
658674bf-e7b9-493a-9598-71bedb3d3949,1.0,OP,1138.0,125.0,15.0,429.0,129.0,41.0,88.0,0.0,9.0,0.0,4112.0,1081.0,3031.0,"Smartphone Motorola G8 Plus 64GB Azul Safira 4G - 4GB RAM Tela 6,3â€ CÃ¢m. Tripla + CÃ¢m. Selfie 25MP - Moto G8 Plus - Magazine Luiza",3.0,2.0,0.0,0.0,294.0,219.0,0.0,0.0,100.0,44.0,38.0,60.0,45.0,10.0,2531.0,6378.0,https://cupom3.ref-xt2019-2.com/produto/1595524013/smartphone-motorola-g8-plus-64gb-azul-safira-4g-4gb-ram-tela-63-cam-tripla-cam-selfie-25mp/p/155567800/te/mg8p/&uid=5323480756,201.0,0.0,0.0,20200724,1.0,fbb3d695381264ea5f3235850bb87da71c355e39,616.0,22.0,0.0,0.0,0.0,0.0
c7dbeeda-d77f-4ea4-9d41-2bf48476610e,1.0,OP,984.0,155.0,15.0,413.0,125.0,41.0,84.0,0.0,6.0,0.0,3507.0,911.0,2596.0,Conjunto de Panelas Tramontina Paris Antiaderente - 8 PeÃ§as - Jogo de Panelas - Magazine Luiza,23.0,0.0,4.0,0.0,290.0,237.0,0.0,0.0,81.0,44.0,38.0,60.0,50.0,10.0,4220.0,8027.0,http://pratodasemanatemelas.com/produto/1595524481/conjunto-de-panelas-tramontina-paris-antiaderente-8-pecas/p/218860900/ud/cjpn/&uid=8348307404,182.0,0.0,0.0,20200724,1.0,27251d9aaf1204e0804b5fa2aa3410b5ac465381,555.0,22.0,0.0,0.0,0.0,0.0
0efebad5-47d1-4fcf-93a5-447de73683e2,1.0,OP,77.0,8.0,0.0,9.0,3.0,1.0,2.0,0.0,2.0,0.0,114.0,48.0,66.0,Sign in to Outlook,0.0,0.0,0.0,0.0,3.0,12.0,0.0,0.0,100.0,50.0,4.0,4.0,4.0,3.0,161.0,249.0,https://televoip.com.ve/sbh/ksjah/,2.0,0.0,0.0,20200724,1.0,9adce5b4c9bc61577c4a5ec97d75d303346019f2,3.0,2.0,0.0,0.0,0.0,0.0
27ee50ac-2672-4033-98bd-a8db7508be2c,1.0,OP,19.0,3.0,0.0,8.0,3.0,2.0,1.0,0.0,3.0,0.0,71.0,36.0,35.0,Yahoo - login,0.0,0.0,0.0,0.0,2.0,5.0,0.0,0.0,80.0,67.0,4.0,4.0,4.0,2.0,69.0,204.0,http://yahoo.xapoinvest.com/,0.0,0.0,0.0,20200724,1.0,0be22e17a8085e7af35bfee4fa4f2f26f0535e55,7.0,0.0,0.0,0.0,0.0,0.0
1b36627c-52e6-49ec-bf4d-ae9b9478dbdd,1.0,OP,55.0,7.0,0.0,13.0,83.0,70.0,13.0,0.0,0.0,0.0,274.0,166.0,108.0,Page not found - drawings.ae,0.0,0.0,0.0,0.0,413.0,99.0,0.0,0.0,4.0,75.0,4.0,4.0,4.0,2.0,1371.0,3997.0,http://drawings.ae/Webmail/webmail.php,0.0,0.0,0.0,20200724,1.0,c8b748da71dce43896322004ac71af2ebdcba4b7,27.0,0.0,0.0,0.0,0.0,0.0
182559da-3015-4b55-951c-b1dd798db166,1.0,PT,78.0,0.0,0.0,1.0,2.0,1.0,1.0,0.0,0.0,0.0,103.0,31.0,72.0,Esfera,0.0,0.0,0.0,0.0,2.0,21.0,0.0,0.0,100.0,67.0,3.0,3.0,3.0,2.0,821.0,823.0,https://ceifeiros.org.br/ls/esfera.com.vc/1/h9a3ZdimxQHa8lBLmAIP/,0.0,0.0,0.0,20200724,1.0,714def43f2494b27d49354332e6af8da4002fe7d,14.0,0.0,0.0,0.0,0.0,0.0
a5a44ad8-6842-4a6f-abea-af8709fd4590,1.0,PT,38.0,5.0,1.0,26.0,14.0,9.0,5.0,0.0,1.0,0.0,165.0,87.0,78.0,"The Paper Design - NhÃ  sáº£n xuáº¥t, cung cáº¥p thiá»‡p Pop-up card, quilling card",3.0,0.0,1.0,0.0,80.0,23.0,0.0,0.0,35.0,25.0,5.0,6.0,5.0,4.0,353.0,891.0,http://www.thepaperdesign.com/of,4.0,0.0,0.0,20200724,1.0,88ee8e7e08eaa5edb3f97112f63a31ab3089c32d,10.0,0.0,0.0,0.0,0.0,0.0
286c6fda-4264-4ee4-a336-7ce6a27b2c92,1.0,OP,22.0,0.0,0.0,0.0,56.0,18.0,38.0,0.0,0.0,0.0,109.0,107.0,2.0,"Î’ank of Î‘merica â€” Î’anking, ",0.0,0.0,0.0,0.0,233.0,30.0,0.0,0.0,0.0,0.0,1.0,1.0,2.0,1.0,74.0,356.0,http://yanddcleaning.com.au/Bank%20of%20America/app/f12894c6b09729b3e7ec24f6c400bd76/,0.0,0.0,0.0,20200727,1.0,02253dc6c0fee1f2da3880c069bd00c1128ede4b,0.0,0.0,0.0,0.0,0.0,0.0
31207392-5667-45a9-b860-07895fb6be5f,1.0,OP,4.0,1.0,1.0,5.0,4.0,2.0,2.0,0.0,0.0,0.0,81.0,78.0,3.0,LinkedIn: Business Invitation,0.0,0.0,0.0,0.0,6.0,29.0,0.0,0.0,62.0,28.0,18.0,19.0,18.0,4.0,1978.0,2044.0,http://cconstructora.com/wp/linkedin/source/?email=,0.0,0.0,0.0,20200727,1.0,53f3a713aef3cb2a56f4ac8652657fa38be1c255,0.0,0.0,0.0,0.0,0.0,0.0
006010c5-1749-4713-b444-f0ae55393d0d,1.0,OP,13.0,0.0,0.0,7.0,14.0,2.0,12.0,0.0,0.0,0.0,80.0,49.0,31.0,Netflix,4.0,0.0,1.0,0.0,8.0,24.0,0.0,0.0,96.0,67.0,4.0,6.0,7.0,4.0,569.0,1393.0,https://aapkaclassified.in/bootstrap/acabou.php?cadastro=#%3C?php%20echo%20$rnd;%20?%3E/BR,2.0,0.0,0.0,20200728,1.0,d58b96e8bf0783d665d10460f0c5e7a411f8df62,5.0,0.0,0.0,0.0,0.0,0.0
60cb5ce9-04a7-4053-a043-8cd69ce127de,1.0,OP,16.0,0.0,0.0,0.0,45.0,17.0,28.0,0.0,0.0,0.0,92.0,90.0,2.0,"Î’ank of Î‘merica â€” Î’anking, ",0.0,0.0,0.0,0.0,233.0,30.0,0.0,0.0,0.0,0.0,1.0,1.0,2.0,1.0,58.0,300.0,http://yanddcleaning.com.au/Bank%20of%20America/app/103b8fc778e44b97f3d8ea62c52ad66e/,0.0,0.0,0.0,20200728,1.0,411a382aa1ee6852a38ce8e191c88f72d45d26cf,0.0,0.0,0.0,0.0,0.0,0.0
dd7613e6-f1fe-4209-a9b0-c96a6ad23635,1.0,OP,21.0,5.0,0.0,6.0,4.0,2.0,2.0,0.0,0.0,0.0,56.0,16.0,40.0,Website sleeping | 000webhost,5.0,0.0,0.0,0.0,13.0,14.0,0.0,0.0,93.0,80.0,10.0,10.0,8.0,3.0,137.0,364.0,http://secureyouraccount12.000webhostapp.com/,4.0,0.0,0.0,20200728,1.0,cf17a3cafd62ea0fbb4dafd8426dc9745846a04b,2.0,0.0,0.0,0.0,0.0,0.0
d16245f7-e109-4231-8996-8781d1bb4b3a,1.0,PT,64.0,5.0,0.0,3.0,17.0,14.0,3.0,0.0,4.0,0.0,134.0,49.0,85.0,"
Owa Mailbox Quota Page",0.0,0.0,0.0,0.0,46.0,43.0,0.0,0.0,93.0,90.0,10.0,11.0,10.0,4.0,727.0,1178.0,https://owamailboxquota.yahoosites.com/,2.0,0.0,0.0,20200728,1.0,13553fc5e09f209734e65df05a022365c32d4124,8.0,1.0,0.0,0.0,0.0,0.0
a63abcc4-f17b-480d-ae6d-58c34ee20124,1.0,OP,733.0,2.0,0.0,172.0,4.0,4.0,0.0,0.0,11.0,1.0,1875.0,469.0,1406.0,"Mon Easy Banking, ma banque en ligne | BNP Paribas Fortis",0.0,0.0,0.0,0.0,7.0,26.0,0.0,0.0,100.0,50.0,4.0,4.0,4.0,3.0,847.0,2494.0,https://bnp-webbe.firebaseapp.com/,11.0,0.0,0.0,20200729,1.0,04ca739e4bd6cfd0d4346b3c6ccb433dbdb9c239,289.0,139.0,0.0,0.0,0.0,0.0
7d56ed97-9f99-4ede-af5b-3cc47a996e8a,1.0,OP,54.0,0.0,0.0,0.0,4.0,3.0,1.0,0.0,3.0,0.0,296.0,16.0,280.0,Manage your Apple ID - Apple,0.0,0.0,0.0,0.0,8.0,22.0,0.0,0.0,100.0,67.0,3.0,3.0,3.0,2.0,391.0,963.0,https://paklawyer.com/wp-content/upgrade/Login/,0.0,0.0,0.0,20200729,1.0,786b5620e5154df4f82f80c5ce9b1e47cdeee20c,225.0,0.0,0.0,0.0,0.0,0.0
e01a591b-ff6c-4d87-8154-6394b758cc8a,1.0,PT,16.0,7.0,1.0,17.0,21.0,14.0,7.0,0.0,15.0,0.0,161.0,138.0,23.0,ã€æ¥½å¤©ã€‘ãƒ­ã‚°ã‚¤ãƒ³,5.0,3.0,0.0,1.0,21.0,29.0,0.0,0.0,100.0,20.0,4.0,5.0,5.0,3.0,518.0,569.0,https://rakuten.co.jp-login.infomx.work/pages/lt_login.html,2.0,0.0,0.0,20200729,1.0,b04aef56328d80544ae458d3424b5b704e6c6e32,5.0,0.0,0.0,0.0,0.0,0.0
8cc45563-f94c-4937-aed0-407e3c93a673,1.0,PT,36.0,0.0,0.0,2.0,15.0,15.0,0.0,0.0,5.0,0.0,94.0,44.0,50.0,ä¸‰äº•ä½å‹éŠ€è¡Œ,0.0,0.0,0.0,0.0,13.0,19.0,0.0,0.0,100.0,50.0,2.0,2.0,2.0,1.0,785.0,3525.0,https://smbc.co.jp.aib.aibgsjsw5001.jsp.btc918.vip/,0.0,0.0,0.0,20200729,1.0,35555c81e5b3a407eb87c8754bdb15e8e661c147,13.0,1.0,0.0,0.0,0.0,0.0
6178c621-73a0-4a93-aeed-5fc8ff5de7b3,1.0,PT,19.0,18.0,0.0,0.0,4.0,3.0,1.0,0.0,4.0,0.0,157.0,41.0,116.0,CaixaBank | banca digital CaixaBankNow,0.0,0.0,0.0,0.0,9.0,36.0,0.0,0.0,0.0,0.0,3.0,3.0,3.0,2.0,1698.0,2449.0,http://www.algtechsolutions.com/tmp/es/app.html,0.0,0.0,0.0,20200730,1.0,77f32be40b6167eca16a8ca5c731f308f6c17f23,0.0,0.0,0.0,0.0,0.0,0.0
bfa1fe26-3057-46b8-9914-ab9fd2f41eea,1.0,OP,20.0,5.0,1.0,5.0,5.0,4.0,1.0,0.0,2.0,0.0,94.0,60.0,34.0,Sign in to your account,13.0,13.0,7.0,10.0,5.0,15.0,0.0,0.0,100.0,80.0,9.0,10.0,10.0,5.0,451.0,686.0,https://scannerdocument.z13.web.core.windows.net/,0.0,0.0,6.0,20200731,1.0,360a0f4bb44f4998185105b9fd076bcffa762765,4.0,1.0,0.0,0.0,0.0,0.0
959c69d6-0cdb-4fbb-9676-d4b1e69928eb,1.0,OP,43.0,3.0,4.0,0.0,12.0,9.0,3.0,0.0,4.0,0.0,119.0,88.0,31.0,AccÃ¨s CR - CrÃ©dit Agricole,1.0,0.0,1.0,0.0,29.0,35.0,0.0,0.0,100.0,73.0,10.0,12.0,11.0,5.0,1454.0,6110.0,https://credit-agricole-activation.u799434f72.ha004.t.justns.ru/compte/5125d9937ca5195a3e361d6c356124e8/,0.0,0.0,0.0,20200731,1.0,b2618549b83892efbd53732a97038dfe3825db66,1.0,0.0,0.0,0.0,0.0,0.0
