UUID,label,source,folder,Requests,Ad-blocked,Malicious,HTTPS,IPv6,Domains,Subdomains,IPs,Countries,Transfer,Size,Cookies,URL,OutGoingLinks,JSGlobalVar,secure,session,httponly,session & httponly,div,img,iframe,a,script,external_script,internal_script,form,input,textarea,Tags,No-class Tags,class Tags,Title,sensitive
0313b983-1458-40b5-a790-e07994895bde,1.0,PT,20200831,,,,,,,,,,,,,,,,,,,,,,,,,,,,,,,,,,
b1bb3845-59f9-4627-b3ff-0dd5da5faeab,1.0,PT,20200831,2.0,0.0,0.0,100.0,0.0,1.0,1.0,1.0,1.0,1.0,0.0,1.0,https://iausnqwa.com/account/,0.0,1.0,0.0,1.0,0.0,0.0,0.0,0.0,0.0,0.0,0.0,0.0,0.0,0.0,0.0,0.0,5.0,5.0,0.0,403 Forbidden,0.0
c6e85a60-5a9e-4916-81ce-86028808495d,1.0,PT,20200831,1.0,0.0,0.0,100.0,100.0,1.0,1.0,1.0,1.0,0.0,1.0,1.0,https://lnpost.kody-odbioru.com/,0.0,1.0,1.0,0.0,1.0,0.0,0.0,0.0,0.0,0.0,0.0,0.0,0.0,0.0,0.0,0.0,7.0,7.0,0.0,404 Not Found,0.0
7f7d9a31-823a-48d9-99c2-5c728cff6df2,1.0,PT,20200831,1.0,0.0,0.0,100.0,100.0,1.0,1.0,1.0,1.0,0.0,1.0,1.0,https://lnpost.kody-odbioru.com/pobierz/,0.0,1.0,1.0,0.0,1.0,0.0,0.0,0.0,0.0,0.0,0.0,0.0,0.0,0.0,0.0,0.0,7.0,7.0,0.0,404 Not Found,0.0
c66430ae-c986-4d77-9c83-b392dada8c1e,1.0,PT,20200831,1.0,0.0,0.0,100.0,100.0,1.0,1.0,1.0,1.0,0.0,1.0,1.0,https://lnpost.kody-odbioru.net/,0.0,1.0,1.0,0.0,1.0,0.0,0.0,0.0,0.0,0.0,0.0,0.0,0.0,0.0,0.0,0.0,7.0,7.0,0.0,404 Not Found,0.0
7c470f6a-eccb-44c3-aff2-b4d440d89c54,1.0,PT,20200831,1.0,0.0,0.0,100.0,100.0,1.0,1.0,1.0,1.0,0.0,1.0,1.0,https://lnpost.kody-odbioru.net/pobierz/,0.0,1.0,1.0,0.0,1.0,0.0,0.0,0.0,0.0,0.0,0.0,0.0,0.0,0.0,0.0,0.0,7.0,7.0,0.0,404 Not Found,0.0
f31dbde2-3d32-43a9-b401-db99b80729f6,1.0,PT,20200831,83.0,0.0,0.0,100.0,100.0,2.0,3.0,2.0,1.0,418.0,1644.0,1.0,https://www.en-audi-8yil.com/,1.0,291.0,1.0,0.0,1.0,0.0,151.0,5.0,1.0,22.0,56.0,47.0,9.0,1.0,12.0,0.0,390.0,241.0,149.0,"
	Enpara.com Ä°nternet BankacÄ±lÄ±ÄŸÄ± GiriÅŸ
",1.0
5d7aa090-9d76-483c-9874-a2533cfec695,1.0,PT,20200831,12.0,0.0,0.0,33.0,75.0,4.0,4.0,5.0,3.0,195.0,449.0,0.0,http://acces-ing-cliente-iid55454.u1137972.cp.regruhosting.ru/ing-login/account/,0.0,4.0,0.0,0.0,0.0,0.0,9.0,1.0,0.0,3.0,3.0,3.0,0.0,1.0,4.0,0.0,48.0,20.0,28.0,"Acceso clientes, ING",0.0
5df2596e-6938-4a19-b851-4fb860a43b6e,1.0,PT,20200831,13.0,0.0,0.0,100.0,33.0,3.0,3.0,3.0,2.0,2078.0,2129.0,0.0,https://mikomatsu.com/fuse/,0.0,3.0,0.0,0.0,0.0,0.0,13.0,8.0,0.0,3.0,3.0,1.0,2.0,1.0,5.0,0.0,52.0,44.0,8.0,"Wells Fargo - Personal & Business Banking - Student, Auto & Home Loans - Investing & Insurance",0.0
2450cb7b-5751-4366-9b16-29271804fe5c,1.0,PT,20200831,13.0,0.0,0.0,100.0,33.0,3.0,3.0,3.0,2.0,2078.0,2129.0,0.0,https://mikomatsu.com/fuse/login.php?cmd=login_submit&id=4e667a98f855106936ab7007686469fd4e667a98f855106936ab7007686469fd&session=4e667a98f855106936ab7007686469fd4e667a98f855106936ab7007686469fd,0.0,3.0,0.0,0.0,0.0,0.0,13.0,8.0,0.0,3.0,3.0,1.0,2.0,1.0,5.0,0.0,52.0,44.0,8.0,"Wells Fargo - Personal & Business Banking - Student, Auto & Home Loans - Investing & Insurance",0.0
eef2a0b7-82de-42a4-b33f-25294815c244,1.0,PT,20200831,15.0,0.0,0.0,13.0,67.0,3.0,3.0,3.0,2.0,247.0,497.0,1.0,http://dev-wordpress-2e5706b1b659.hyperlane.co/gres/,0.0,20.0,0.0,1.0,1.0,1.0,55.0,3.0,1.0,99.0,5.0,0.0,5.0,3.0,28.0,0.0,406.0,238.0,168.0,Credit Card Login | Discover Card,1.0
8b59c112-b5e6-4077-acdc-54f2a334e051,1.0,PT,20200831,30.0,0.0,0.0,100.0,60.0,5.0,5.0,5.0,2.0,1001.0,1269.0,5.0,https://wwpay.ru/,1.0,9.0,4.0,0.0,1.0,0.0,56.0,7.0,0.0,11.0,6.0,3.0,3.0,1.0,7.0,0.0,204.0,110.0,94.0,ÐÐ²Ñ‚Ð¾Ð¼Ð°Ñ‚Ð¸Ñ‡ÐµÑÐºÐ¸Ð¹ Ð¾Ð±Ð¼ÐµÐ½ bitcoin BITCOIN ÐŸÑ€Ð¾ÑÑ‚Ð¾ Ð‘Ñ‹ÑÑ‚Ñ€Ð¾ ÐÐ½Ð¾Ð½Ð¸Ð¼Ð½Ð¾,1.0
9307f6c1-652e-48d9-9a94-cea9a04e5218,1.0,PT,20200831,52.0,0.0,0.0,100.0,67.0,11.0,11.0,11.0,3.0,681.0,1710.0,8.0,https://bestrhange.ru/exchangers/exchanger-ww-pay/?,932.0,219.0,4.0,0.0,1.0,0.0,975.0,35.0,3.0,1008.0,14.0,6.0,8.0,2.0,14.0,3.0,4914.0,1845.0,3069.0,"ÐžÐ±Ð¼ÐµÐ½Ð½Ð¸Ðº wwpay.ru â€“ Ð¾Ñ‚Ð·Ñ‹Ð²Ñ‹, Ð¸Ð½Ñ„Ð¾Ñ€Ð¼Ð°Ñ†Ð¸Ñ, ÑÑ‚Ð°Ñ‚Ð¸ÑÑ‚Ð¸ÐºÐ° (wwpay.ru)",1.0
d25a407b-03d0-433b-b12b-707cd20cd67b,1.0,PT,20200831,,,,,,,,,,,,,,,,,,,,,,,,,,,,,,,,,,
b1d40123-0c51-427e-b3aa-e5c83abe6930,1.0,PT,20200831,,,,,,,,,,,,,,,,,,,,,,,,,,,,,,,,,,
5ab39b2a-5358-4621-a8e3-53d031a82bb9,1.0,PT,20200831,6.0,0.0,0.0,100.0,75.0,4.0,4.0,4.0,2.0,98.0,103.0,0.0,https://dev-vnml.pantheonsite.io/wp-mail.php,2.0,1.0,0.0,0.0,0.0,0.0,8.0,0.0,0.0,2.0,0.0,0.0,0.0,0.0,0.0,0.0,20.0,19.0,1.0,Error,0.0
98d9c330-2128-404f-b3bf-cedf50e84f8f,1.0,PT,20200831,24.0,0.0,0.0,96.0,0.0,2.0,3.0,3.0,3.0,1217.0,4436.0,1.0,http://tisl4.place69.de/?cmd=3fh9j9jP3m,1.0,18.0,1.0,0.0,1.0,0.0,46.0,2.0,0.0,2.0,6.0,3.0,3.0,2.0,10.0,0.0,117.0,61.0,56.0,Control panel - OVH,1.0
a81840c9-b8eb-4a66-8401-87f369e3f493,1.0,PT,20200831,18.0,0.0,0.0,22.0,40.0,4.0,5.0,6.0,1.0,87.0,303.0,2.0,http://photoartcontestgoodvibesandtravel.000webhostapp.com/,24.0,38.0,0.0,0.0,0.0,0.0,37.0,1.0,0.0,35.0,21.0,10.0,11.0,1.0,14.0,0.0,186.0,123.0,63.0,Facebook,1.0
3753910b-6b9a-4f5e-aa29-117b66a0584f,1.0,PT,20200831,9.0,0.0,0.0,56.0,50.0,6.0,7.0,6.0,2.0,208.0,588.0,2.0,http://grupanakmudawajamincrott.000webhostapp.com/,22.0,31.0,0.0,0.0,0.0,0.0,29.0,1.0,0.0,24.0,3.0,2.0,1.0,0.0,0.0,0.0,127.0,33.0,94.0,WhatsApp Group Invite,0.0
e993ebec-ba1f-4e18-a013-6353b571fdb8,1.0,PT,20200831,9.0,0.0,0.0,56.0,50.0,6.0,7.0,6.0,2.0,208.0,588.0,2.0,http://grubwadewasa834569.000webhostapp.com/,22.0,31.0,0.0,0.0,0.0,0.0,29.0,1.0,0.0,24.0,3.0,2.0,1.0,0.0,0.0,0.0,127.0,33.0,94.0,WhatsApp Group Invite,0.0
449808f0-3780-4ffe-acc0-61de7909c4d5,1.0,PT,20200831,14.0,0.0,0.0,93.0,70.0,9.0,10.0,10.0,4.0,199.0,726.0,2.0,http://letsstarthere.000webhostapp.com/,2.0,35.0,0.0,0.0,0.0,0.0,41.0,3.0,0.0,14.0,6.0,5.0,1.0,1.0,11.0,0.0,105.0,54.0,51.0,Facebook â€“ log in or sign up,1.0
75fa0d3d-621a-4c89-9940-a267928ead22,1.0,PT,20200831,12.0,0.0,0.0,33.0,40.0,4.0,5.0,5.0,1.0,354.0,554.0,2.0,http://cnthosting.000webhostapp.com/,1.0,31.0,0.0,0.0,0.0,0.0,5.0,6.0,0.0,5.0,3.0,2.0,1.0,1.0,3.0,0.0,47.0,33.0,14.0,Secure-WiFi Hotspot,1.0
8c33c96d-5b8a-4d04-8ff0-592d3d255783,1.0,PT,20200831,75.0,0.0,0.0,27.0,40.0,7.0,11.0,11.0,3.0,1631.0,4404.0,0.0,http://eeuklog.co.uk/,0.0,0.0,0.0,0.0,0.0,0.0,,,,,,,,,,,,,,,
706c1090-e9fc-4304-b12d-2a39368371a5,1.0,PT,20200831,40.0,0.0,0.0,95.0,50.0,5.0,7.0,7.0,2.0,1334.0,5697.0,2.0,http://socialdownloadds.000webhostapp.com/,20.0,98.0,0.0,0.0,0.0,0.0,41.0,4.0,0.0,48.0,38.0,22.0,16.0,1.0,26.0,0.0,307.0,238.0,69.0,Log in to Facebook | Facebook,1.0
cf8f4330-dbff-4c0d-9aca-7c7994f85e05,1.0,PT,20200831,39.0,0.0,0.0,95.0,63.0,6.0,8.0,9.0,2.0,1308.0,5668.0,0.0,http://fb0k17.000webhostapp.com/,0.0,0.0,0.0,0.0,0.0,0.0,,,,,,,,,,,,,,,
0184d872-a1eb-487c-a006-3eb20d7ee76f,1.0,PT,20200831,5.0,0.0,0.0,80.0,40.0,4.0,5.0,5.0,1.0,82.0,283.0,2.0,http://videos-fb.000webhostapp.com/,1.0,31.0,0.0,0.0,0.0,0.0,20.0,1.0,0.0,11.0,3.0,2.0,1.0,1.0,3.0,0.0,69.0,31.0,38.0,Welcome to ,1.0
2ecbd22d-4615-4911-aa07-d9525a40a130,1.0,PT,20200831,23.0,0.0,0.0,96.0,60.0,9.0,11.0,10.0,2.0,286.0,837.0,0.0,http://joingrupnokep2k2018.000webhostapp.com/,14.0,37.0,0.0,0.0,0.0,0.0,28.0,8.0,0.0,15.0,8.0,7.0,1.0,0.0,0.0,0.0,127.0,56.0,71.0,Welcome to joingrupnokep2k2018.000webhostapp.com Free Website,0.0
87d0ed25-bd76-4c32-acdf-272b50315513,1.0,PT,20200831,9.0,0.0,0.0,89.0,57.0,6.0,7.0,7.0,1.0,152.0,352.0,2.0,http://lnstagrmforcopyright.000webhostapp.com/,1.0,31.0,0.0,0.0,0.0,0.0,6.0,5.0,0.0,10.0,3.0,2.0,1.0,1.0,2.0,1.0,68.0,67.0,1.0,Copyright | Instagram Help Center,0.0
d8d2762c-2c6d-422a-b390-f6c32f0e1f33,1.0,PT,20200831,7.0,0.0,0.0,57.0,40.0,4.0,5.0,5.0,1.0,102.0,302.0,2.0,http://fbvotebuisnescontestsupport-uk-site.000webhostapp.com/,5.0,31.0,0.0,0.0,0.0,0.0,7.0,2.0,0.0,5.0,3.0,2.0,1.0,1.0,3.0,0.0,47.0,37.0,10.0, Please Log in Your Facebook ,1.0
9ddd74c7-58d7-450a-9acc-a56ea6de60cd,1.0,PT,20200831,10.0,0.0,0.0,0.0,100.0,1.0,1.0,1.0,1.0,287.0,958.0,0.0,http://laura43grappini.000webhostapp.com/,44.0,1.0,0.0,0.0,0.0,0.0,38.0,1.0,0.0,48.0,0.0,0.0,0.0,1.0,5.0,0.0,169.0,101.0,68.0,Facebook â€“ log in or sign up,1.0
99417342-8bfd-4b7f-b1ed-ce7da64943cc,1.0,PT,20200831,9.0,0.0,0.0,56.0,50.0,6.0,7.0,6.0,2.0,208.0,588.0,2.0,http://gabuanggrubbokep.000webhostapp.com/,22.0,31.0,0.0,0.0,0.0,0.0,29.0,1.0,0.0,24.0,3.0,2.0,1.0,0.0,0.0,0.0,127.0,33.0,94.0,WhatsApp Group Invite,0.0
316310ee-b93c-47b4-9922-e31ce6c485c6,1.0,PT,20200831,23.0,0.0,0.0,30.0,0.0,2.0,2.0,2.0,2.0,8360.0,9927.0,0.0,http://mcb-et.xyz/c/,5.0,53.0,0.0,0.0,0.0,0.0,55.0,1.0,0.0,5.0,2.0,2.0,0.0,1.0,3.0,0.0,111.0,33.0,78.0,Bank of Guam,1.0
df8965f0-497f-4a77-b27a-afcfcfcfb021,1.0,PT,20200831,28.0,0.0,0.0,0.0,0.0,1.0,1.0,1.0,1.0,39.0,203.0,0.0,http://4sc08t2a-2ac0nt9.info/,6.0,1.0,0.0,0.0,0.0,0.0,13.0,1.0,1.0,6.0,0.0,0.0,0.0,1.0,0.0,0.0,70.0,29.0,41.0,Locked | Scotiabank,0.0
74da8cb6-d5c0-41e9-b58c-03b10c2834d4,1.0,PT,20200831,9.0,0.0,0.0,89.0,67.0,6.0,6.0,7.0,4.0,76.0,258.0,4.0,http://tfp9ttt8tuserp.du.r.appspot.com/,4.0,6.0,4.0,2.0,3.0,2.0,39.0,4.0,1.0,6.0,3.0,1.0,2.0,2.0,22.0,0.0,97.0,62.0,35.0,Sign in to your account,1.0
c42080d3-70f0-4840-8038-d12825cbe58f,1.0,PT,20200831,5.0,0.0,0.0,100.0,50.0,2.0,2.0,2.0,2.0,161.0,248.0,0.0,http://kcwkjtrqzpybslhbzsjpgsjnzk-dot-glowablu03049033.du.r.appspot.com/,0.0,30.0,0.0,0.0,0.0,0.0,0.0,0.0,0.0,0.0,4.0,2.0,2.0,0.0,0.0,0.0,11.0,10.0,1.0,Outlook Web App,0.0
57632bf0-156c-4324-8745-00f5087b2c1e,1.0,PT,20200831,5.0,0.0,0.0,100.0,50.0,2.0,2.0,2.0,2.0,161.0,248.0,0.0,https://kcwkjtrqzpybslhbzsjpgsjnzk-dot-glowablu03049033.du.r.appspot.com/,0.0,30.0,0.0,0.0,0.0,0.0,0.0,0.0,0.0,0.0,4.0,2.0,2.0,0.0,0.0,0.0,11.0,10.0,1.0,Outlook Web App,0.0
d40a721b-dacb-4a89-ad13-1c5a12756cd2,1.0,PT,20200831,11.0,0.0,0.0,100.0,60.0,5.0,5.0,6.0,2.0,172.0,513.0,0.0,https://crmeducdocumentprivate-secondary.z15.web.core.windows.net/,0.0,19.0,0.0,0.0,0.0,0.0,20.0,6.0,0.0,1.0,10.0,4.0,6.0,1.0,9.0,0.0,64.0,37.0,27.0,Outlook Web App,1.0
b38d37c2-ff23-4c2f-90e8-aac29f8cf94e,1.0,PT,20200831,17.0,0.0,0.0,94.0,0.0,2.0,2.0,2.0,1.0,404.0,587.0,1.0,https://gov.uk.dvla.miscalculation.ltd/,0.0,0.0,1.0,0.0,0.0,0.0,,,,,,,,,,,,,,,
94987a66-d635-491a-9d76-9fad8e358b4a,1.0,PT,20200831,5.0,0.0,0.0,100.0,50.0,2.0,2.0,2.0,2.0,161.0,248.0,0.0,https://qozabkztofogaxsnlhvjuvnvgfswgzicoozr-dot-gl494903049.wl.r.appspot.com/,0.0,30.0,0.0,0.0,0.0,0.0,0.0,0.0,0.0,0.0,4.0,2.0,2.0,0.0,0.0,0.0,11.0,10.0,1.0,Outlook Web App,0.0
4e4ee8fb-ba91-41be-949a-58393583bd97,1.0,PT,20200831,11.0,0.0,0.0,100.0,0.0,4.0,5.0,6.0,3.0,120.0,221.0,0.0,http://suntrust.onlinebanking.web5.login.ipaytunes.com/,8.0,2.0,0.0,0.0,0.0,0.0,26.0,2.0,0.0,10.0,6.0,6.0,0.0,2.0,10.0,0.0,119.0,56.0,63.0,SunTrust Online Banking,1.0
45a3b72e-d68f-4c29-91cc-43112330d100,1.0,PT,20200831,10.0,0.0,0.0,100.0,0.0,4.0,5.0,6.0,3.0,120.0,221.0,0.0,https://suntrust.onlinebanking.web5.login.ipaytunes.com/,8.0,2.0,0.0,0.0,0.0,0.0,26.0,2.0,0.0,10.0,6.0,6.0,0.0,2.0,10.0,0.0,119.0,56.0,63.0,SunTrust Online Banking,1.0
4b47fc38-bb8a-4668-991f-a0cd1efc10b8,1.0,PT,20200831,11.0,0.0,0.0,100.0,0.0,4.0,5.0,6.0,3.0,120.0,221.0,0.0,https://www.suntrust.onlinebanking.web5.login.ipaytunes.com/,8.0,2.0,0.0,0.0,0.0,0.0,26.0,2.0,0.0,10.0,6.0,6.0,0.0,2.0,10.0,0.0,119.0,56.0,63.0,SunTrust Online Banking,1.0
72ac2587-a174-455f-bc31-b8439e0ee58e,1.0,PT,20200831,9.0,0.0,0.0,100.0,0.0,1.0,1.0,1.0,1.0,129.0,444.0,0.0,https://amaz0n.iozua.com/pc/,10.0,9.0,0.0,0.0,0.0,0.0,36.0,1.0,0.0,11.0,8.0,3.0,5.0,2.0,11.0,0.0,102.0,39.0,63.0,Amazonã‚µã‚¤ãƒ³ã‚¤ãƒ³,1.0
bfedd0ca-9bac-41b4-b217-c8fc26dca18a,1.0,PT,20200831,5.0,0.0,0.0,100.0,50.0,2.0,2.0,2.0,2.0,161.0,248.0,0.0,https://fajbwzuijhazcksmfemukqwcvfovwiozwrac-dot-gl494903049.wl.r.appspot.com/,0.0,30.0,0.0,0.0,0.0,0.0,0.0,0.0,0.0,0.0,4.0,2.0,2.0,0.0,0.0,0.0,11.0,10.0,1.0,Outlook Web App,0.0
7cb91121-493b-44ca-9142-e0fd66a6d13e,1.0,PT,20200831,5.0,0.0,0.0,100.0,50.0,2.0,2.0,2.0,2.0,161.0,248.0,0.0,http://fajbwzuijhazcksmfemukqwcvfovwiozwrac-dot-gl494903049.wl.r.appspot.com/,0.0,30.0,0.0,0.0,0.0,0.0,0.0,0.0,0.0,0.0,4.0,2.0,2.0,0.0,0.0,0.0,11.0,10.0,1.0,Outlook Web App,0.0
c2afd772-5585-459e-884a-9574cc471b75,1.0,PT,20200831,6.0,0.0,0.0,17.0,0.0,2.0,2.0,2.0,2.0,28.0,97.0,0.0,http://review01-supportapple.xyxxon.com/,0.0,1.0,0.0,0.0,0.0,0.0,37.0,2.0,0.0,15.0,0.0,0.0,0.0,1.0,2.0,0.0,117.0,28.0,89.0,Log in to your PayPal account,1.0
99852331-26fb-425a-94bc-4c63a58ef51b,1.0,PT,20200831,13.0,0.0,0.0,54.0,33.0,3.0,3.0,3.0,3.0,1655.0,1668.0,1.0,http://www.chatwhatsapp1052.dns04.com/,0.0,3.0,0.0,1.0,0.0,0.0,44.0,9.0,0.0,0.0,4.0,0.0,4.0,6.0,6.0,0.0,93.0,46.0,47.0,WhatsApp,0.0
e298b188-3b15-43b4-affb-e82648202dd0,1.0,PT,20200831,5.0,0.0,0.0,100.0,50.0,2.0,2.0,2.0,2.0,68.0,128.0,1.0,https://www.paypal-account-office.relocatoremovals.in/015f07b5490bcea97a02c61a27823851/,0.0,4.0,0.0,1.0,0.0,0.0,5.0,0.0,0.0,0.0,3.0,2.0,1.0,1.0,4.0,0.0,19.0,11.0,8.0,Login - PÎ±yPÎ±l,0.0
b2ba6da7-2c54-454a-ac27-3c8fa8704633,1.0,PT,20200831,1.0,0.0,0.0,0.0,0.0,1.0,1.0,1.0,1.0,5.0,5.0,0.0,http://www.nuovapuntocasa.com/public/mona/Espace-clients/Portfeuille=IDPP00C347/sms.php,2.0,1.0,0.0,0.0,0.0,0.0,9.0,0.0,0.0,2.0,0.0,0.0,0.0,0.0,0.0,0.0,65.0,54.0,11.0,IIS 8.5 Detailed Error - 404.0 - Not Found,0.0
655c20cf-5921-4e66-b30d-6649cff20cba,1.0,PT,20200831,1.0,0.0,0.0,0.0,0.0,1.0,1.0,1.0,1.0,5.0,5.0,0.0,http://www.nuovapuntocasa.com/public/mona/Espace-clients/Portfeuille=IDPP00C347/sms1.php,2.0,1.0,0.0,0.0,0.0,0.0,9.0,0.0,0.0,2.0,0.0,0.0,0.0,0.0,0.0,0.0,65.0,54.0,11.0,IIS 8.5 Detailed Error - 404.0 - Not Found,0.0
4db05db3-bc54-4df2-b071-991c0520fbc5,1.0,PT,20200831,8.0,0.0,0.0,0.0,0.0,1.0,1.0,1.0,1.0,44.0,42.0,0.0,http://www.mensamagazine.it/images/immagini/c/D-T78C2V4/actualisation/ovh/dg3njq=/index2.php,0.0,14.0,0.0,0.0,0.0,0.0,6.0,2.0,0.0,2.0,6.0,1.0,5.0,1.0,2.0,0.0,53.0,44.0,9.0,Authentification,1.0
b6c28f39-7455-40cc-aa38-a175b174f286,1.0,PT,20200831,8.0,0.0,0.0,0.0,0.0,1.0,1.0,1.0,1.0,44.0,42.0,0.0,http://www.mensamagazine.it/images/immagini/c/D-T78C2V4/actualisation/ovh/dg3njq=/index1.php,0.0,14.0,0.0,0.0,0.0,0.0,6.0,2.0,0.0,2.0,6.0,1.0,5.0,1.0,2.0,0.0,55.0,45.0,10.0,Authentification,1.0
ca876123-47dc-4eb9-a53d-583a8599c364,1.0,PT,20200831,1.0,0.0,0.0,0.0,0.0,1.0,1.0,1.0,1.0,1.0,1.0,0.0,http://www.amazon-covid-reliefcustomer.com/fb,1.0,1.0,0.0,0.0,0.0,0.0,3.0,0.0,0.0,1.0,0.0,0.0,0.0,0.0,0.0,0.0,13.0,13.0,0.0," 404 Not Found
",0.0
b7cb3995-883c-43c6-9a23-009b4142037b,1.0,PT,20200831,1.0,0.0,0.0,0.0,0.0,1.0,1.0,1.0,1.0,1.0,1.0,0.0,http://www.amazon-covid-reliefcustomer.com/fb/,1.0,1.0,0.0,0.0,0.0,0.0,3.0,0.0,0.0,1.0,0.0,0.0,0.0,0.0,0.0,0.0,13.0,13.0,0.0," 404 Not Found
",0.0
226ab155-23be-4841-99cb-2e3e4e349528,1.0,PT,20200831,8.0,0.0,0.0,100.0,100.0,1.0,1.0,1.0,1.0,40.0,46.0,0.0,https://zambalspain.com/admin/documentos/1/TCDS54C5DS4X15SDC45DS4X5SQ4S5QX4/D-T78C2V4/actualisation/ovh/gfinwu=/index1.php,0.0,14.0,0.0,0.0,0.0,0.0,6.0,2.0,0.0,2.0,6.0,1.0,5.0,1.0,2.0,0.0,55.0,45.0,10.0,Authentification,1.0
52b226ea-aa58-4765-972f-72e959ef8185,1.0,PT,20200831,8.0,0.0,0.0,100.0,33.0,3.0,3.0,3.0,2.0,1033.0,1085.0,0.0,https://www.whoopla.com.au/tha/login.php?cmd=login_submit&amp;id=ec4b07ee2df6c02ba77bc1557ab99013ec4b07ee2df6c02ba77bc1557ab99013&amp;session=ec4b07ee2df6c02ba77bc1557ab99013ec4b07ee2df6c02ba77bc1557ab99013,0.0,0.0,0.0,0.0,0.0,0.0,,,,,,,,,,,,,,,
0916f937-1452-4780-985e-86e11c1333b4,1.0,PT,20200831,8.0,0.0,0.0,100.0,33.0,3.0,3.0,3.0,2.0,1033.0,1085.0,0.0,https://www.whoopla.com.au/krung/thai/login.php?cmd=login_submit&amp;id=bd77c943bc945774f9876d5f79e257a5bd77c943bc945774f9876d5f79e257a5&amp;session=bd77c943bc945774f9876d5f79e257a5bd77c943bc945774f9876d5f79e257a5,0.0,3.0,0.0,0.0,0.0,0.0,7.0,4.0,0.0,1.0,3.0,1.0,2.0,1.0,4.0,0.0,28.0,24.0,4.0,KTB netbank : Internet Banking,0.0
be7b955d-306c-4a5b-8085-8e130b47a7ba,1.0,PT,20200831,12.0,0.0,0.0,100.0,40.0,6.0,6.0,5.0,3.0,231.0,348.0,1.0,https://www.paypal-account-office.relocatoremovals.in/015f07b5490bcea97a02c61a27823851/personal.php?dispatch=,0.0,4.0,0.0,1.0,0.0,0.0,10.0,5.0,0.0,0.0,4.0,4.0,0.0,1.0,9.0,0.0,289.0,270.0,19.0,Update Your Personal Information - PÎ±yPÎ±l,0.0
bc6138bc-3de9-4a63-aeeb-a19b8c331e91,1.0,PT,20200831,11.0,0.0,0.0,100.0,50.0,5.0,5.0,4.0,3.0,123.0,240.0,1.0,https://www.paypal-account-office.relocatoremovals.in/015f07b5490bcea97a02c61a27823851/payment.php?dispatch=,0.0,4.0,0.0,1.0,0.0,0.0,11.0,4.0,0.0,0.0,5.0,4.0,1.0,1.0,8.0,0.0,91.0,73.0,18.0,Update Your Payment Information - PÎ±yPÎ±l,0.0
4451b2b9-4bef-4445-a8ba-9b03b8ff768c,1.0,PT,20200831,24.0,0.0,0.0,100.0,0.0,1.0,1.0,1.0,1.0,408.0,1364.0,0.0,https://www.my3-accountverify.co/banks/online.tsb.co.uk/,0.0,33.0,0.0,0.0,0.0,0.0,45.0,6.0,0.0,20.0,9.0,4.0,5.0,2.0,6.0,0.0,171.0,91.0,80.0,LÎ¿gin,1.0
68d25174-bc61-409b-88fa-fd88164f619b,1.0,PT,20200831,24.0,0.0,0.0,100.0,0.0,1.0,1.0,1.0,1.0,408.0,1364.0,0.0,https://www.my3-accountverify.co/banks/online.tsb.co.uk/,0.0,33.0,0.0,0.0,0.0,0.0,45.0,6.0,0.0,20.0,9.0,4.0,5.0,2.0,6.0,0.0,171.0,91.0,80.0,LÎ¿gin,1.0
66146359-7ece-4559-9332-483f6e291057,1.0,PT,20200831,176.0,0.0,0.0,90.0,36.0,37.0,43.0,33.0,8.0,1838.0,5775.0,4.0,https://urlz.fr/dHXo,9.0,142.0,0.0,0.0,1.0,0.0,30.0,2.0,5.0,13.0,31.0,28.0,3.0,1.0,1.0,0.0,121.0,107.0,14.0,RÃ©ducteur de lien / Minimiseur d'URL [Raccourcir un lien],1.0
41ca5f26-6063-4a0a-ab07-ffd0b3193957,1.0,PT,20200831,10.0,0.0,0.0,100.0,0.0,4.0,5.0,6.0,3.0,120.0,222.0,0.0,https://suntrust.onlinebanking.web5.login.ipaytunes.com/verify.php,0.0,0.0,0.0,0.0,0.0,0.0,,,,,,,,,,,,,,,
b5160a85-fab9-486b-a9d9-a76f5806e0f9,1.0,PT,20200831,3.0,0.0,0.0,100.0,0.0,2.0,2.0,3.0,2.0,55.0,82.0,0.0,https://smsconsultancy.co.in/surf3.php?cmd=login_submit&amp;id=06f15dec60982c92915e041a2efe39e106f15dec60982c92915e041a2efe39e1&amp;session=06f15dec60982c92915e041a2efe39e106f15dec60982c92915e041a2efe39e1,0.0,1.0,0.0,0.0,0.0,0.0,5.0,0.0,0.0,1.0,0.0,0.0,0.0,0.0,0.0,0.0,19.0,11.0,8.0,Account Suspended,0.0
21cc9cb9-f10f-4acf-9ec4-f47bcc2883e5,1.0,PT,20200831,11.0,0.0,0.0,0.0,0.0,1.0,1.0,1.0,1.0,221.0,280.0,0.0,http://sslblindadoseguro.tk/home.php?w-4th2emju7db1skfotyfm59uuh6avprnqeljsbpvupxjj3oq1hxoosfy/vc71xkis0ddxgfx6g,0.0,6.0,0.0,0.0,0.0,0.0,3.0,4.0,0.0,0.0,3.0,3.0,0.0,1.0,3.0,0.0,39.0,26.0,13.0,Itau Card | IdentificaÃ§Ã£o,0.0
59e0f2c4-6c21-4610-acee-83395711e434,1.0,PT,20200831,11.0,0.0,0.0,100.0,50.0,2.0,2.0,2.0,2.0,838.0,836.0,0.0,https://mviesntflxsupdt.com/b5b03f06271f8917685d14cea7c6c50a/knhmWSOc40J4X3DJCeXJ3v1oVrLP.php?country=GB-United%20Kingdom&amp;lang=en,0.0,5.0,0.0,0.0,0.0,0.0,12.0,1.0,0.0,3.0,4.0,4.0,0.0,1.0,3.0,0.0,50.0,30.0,20.0,Netflix,1.0
a67bcf78-352f-406b-a24b-a4f8ce4c770f,1.0,PT,20200831,13.0,0.0,0.0,100.0,33.0,3.0,3.0,3.0,2.0,2078.0,2129.0,0.0,https://mikomatsu.com/fuse,0.0,3.0,0.0,0.0,0.0,0.0,13.0,8.0,0.0,3.0,3.0,1.0,2.0,1.0,5.0,0.0,52.0,44.0,8.0,"Wells Fargo - Personal & Business Banking - Student, Auto & Home Loans - Investing & Insurance",0.0
6f90eef2-b98b-42bb-8157-912de7fb8f75,1.0,PT,20200831,13.0,0.0,0.0,100.0,33.0,3.0,3.0,3.0,2.0,2078.0,2129.0,0.0,https://mikomatsu.com/fuse/login.php?cmd=login_submit&id=df609ed17c3c7314eb3d14a1e73a81cedf609ed17c3c7314eb3d14a1e73a81ce&session=df609ed17c3c7314eb3d14a1e73a81cedf609ed17c3c7314eb3d14a1e73a81ce,0.0,3.0,0.0,0.0,0.0,0.0,13.0,8.0,0.0,3.0,3.0,1.0,2.0,1.0,5.0,0.0,52.0,44.0,8.0,"Wells Fargo - Personal & Business Banking - Student, Auto & Home Loans - Investing & Insurance",0.0
021b4a02-0e88-48f4-91c1-556e8df28cdd,1.0,PT,20200831,8.0,0.0,0.0,100.0,33.0,3.0,3.0,3.0,2.0,1033.0,1085.0,0.0,https://mail.whoopla.com.au/tha/login.php?cmd=login_submit&amp;id=aaaa2d6a3e9d86c2679fbda39cc881d7aaaa2d6a3e9d86c2679fbda39cc881d7&amp;session=aaaa2d6a3e9d86c2679fbda39cc881d7aaaa2d6a3e9d86c2679fbda39cc881d7,0.0,0.0,0.0,0.0,0.0,0.0,,,,,,,,,,,,,,,
897f497c-8478-4b9b-af32-01ebfbde2843,1.0,PT,20200831,24.0,0.0,0.0,0.0,0.0,1.0,1.0,1.0,1.0,408.0,1364.0,0.0,https://mail.my3-accountverify.co/banks/online.tsb.co.uk/,0.0,33.0,0.0,0.0,0.0,0.0,45.0,6.0,0.0,20.0,9.0,4.0,5.0,2.0,6.0,0.0,171.0,91.0,80.0,LÎ¿gin,1.0
77b44875-f67b-4c44-95c5-a80d9def17af,1.0,PT,20200831,9.0,0.0,0.0,100.0,67.0,6.0,6.0,7.0,4.0,76.0,258.0,4.0,https://loginsecur.wn.r.appspot.com/|IP,4.0,6.0,4.0,2.0,3.0,2.0,39.0,4.0,1.0,6.0,3.0,1.0,2.0,2.0,22.0,0.0,99.0,64.0,35.0,Sign in to your account,1.0
04954aa2-fe85-4e0d-815c-49adf6edd24d,1.0,PT,20200831,11.0,0.0,0.0,100.0,50.0,2.0,2.0,2.0,2.0,838.0,836.0,0.0,https://lgnetflxsmvie.com/6101903146e4bbf4999c449d78441606/knhmWSOc40J4X3DJCeXJ3v1oVrLP.php?country=GB-United%20Kingdom&amp;lang=en,0.0,5.0,0.0,0.0,0.0,0.0,12.0,1.0,0.0,3.0,4.0,4.0,0.0,1.0,3.0,0.0,50.0,30.0,20.0,Netflix,1.0
962d9314-e302-45e0-b154-c8e88767e162,1.0,PT,20200831,17.0,0.0,0.0,100.0,0.0,2.0,2.0,2.0,2.0,84.0,220.0,0.0,https://la-beauti.com/Million%20-%202/directing/www.cibc.mobi/ebm-mobile-anp/accountConfirm.php,2.0,34.0,0.0,0.0,0.0,0.0,6.0,2.0,0.0,13.0,8.0,7.0,1.0,1.0,4.0,0.0,93.0,73.0,20.0,CIBC Mobile Banking,0.0
b9d5970b-38cf-45b1-99d2-7f9553e16cee,1.0,PT,20200831,17.0,0.0,0.0,94.0,0.0,2.0,2.0,2.0,1.0,404.0,587.0,2.0,https://govuk-revenue.com/rebate/,0.0,6.0,1.0,1.0,0.0,0.0,25.0,1.0,1.0,12.0,8.0,4.0,4.0,1.0,6.0,0.0,101.0,62.0,39.0,Tax Refund Form - GOV.UK,1.0
6d6f654e-05d8-460b-99f1-399749f17758,1.0,PT,20200831,17.0,0.0,0.0,94.0,0.0,2.0,2.0,2.0,1.0,404.0,587.0,2.0,https://govuk-revenue.com/rebate/,0.0,6.0,1.0,1.0,0.0,0.0,25.0,1.0,1.0,12.0,8.0,4.0,4.0,1.0,6.0,0.0,101.0,62.0,39.0,Tax Refund Form - GOV.UK,1.0
a6868d9b-0853-4ab9-aeb6-004c9d192f61,1.0,PT,20200831,16.0,0.0,0.0,94.0,0.0,6.0,10.0,9.0,3.0,318.0,382.0,0.0,https://djsame2.xyz/css/ali/login.php,49.0,21.0,0.0,0.0,0.0,0.0,45.0,6.0,0.0,54.0,9.0,2.0,7.0,1.0,5.0,0.0,175.0,124.0,51.0,"
		
Alibaba Manufacturer Directory - Suppliers, Manufacturers, Exporters &amp; Importers ",1.0
79c16815-4ea2-4935-8664-616770a19d61,1.0,PT,20200831,15.0,0.0,0.0,13.0,67.0,3.0,3.0,3.0,2.0,246.0,497.0,1.0,https://dev-wordpress-2e5706b1b659.hyperlane.co/gres,0.0,20.0,0.0,1.0,1.0,1.0,55.0,3.0,1.0,99.0,5.0,0.0,5.0,3.0,28.0,0.0,406.0,238.0,168.0,Credit Card Login | Discover Card,1.0
b776fa95-a3c0-4f9e-95dd-e042e1eeafc4,1.0,PT,20200831,17.0,0.0,0.0,100.0,67.0,3.0,3.0,3.0,2.0,789.0,1119.0,0.0,https://basiakurier.top/oplata27/,2.0,5.0,0.0,0.0,0.0,0.0,32.0,2.0,0.0,6.0,4.0,2.0,2.0,1.0,5.0,0.0,80.0,36.0,44.0,PayU,1.0
9a24c15c-b151-44d4-bc4f-b60d2e196cb4,1.0,PT,20200831,9.0,0.0,0.0,100.0,0.0,1.0,1.0,1.0,1.0,129.0,444.0,1.0,https://amaz0n.iozua.com/pc/,10.0,9.0,0.0,1.0,0.0,0.0,36.0,1.0,0.0,11.0,8.0,3.0,5.0,2.0,11.0,0.0,102.0,39.0,63.0,Amazonã‚µã‚¤ãƒ³ã‚¤ãƒ³,1.0
4accb3bb-043c-4ad7-9cbb-82780b69fbde,1.0,PT,20200831,24.0,0.0,0.0,92.0,0.0,2.0,2.0,2.0,2.0,1293.0,4129.0,0.0,https://172.105.107.134/chase/user.html,0.0,30.0,0.0,0.0,0.0,0.0,77.0,0.0,0.0,24.0,19.0,15.0,4.0,1.0,5.0,0.0,253.0,104.0,149.0,Sign in - chase.com,1.0
b63f5444-9597-4179-aa2e-2adcd9706140,1.0,PT,20200831,25.0,0.0,0.0,88.0,0.0,2.0,2.0,3.0,2.0,1280.0,4126.0,0.0,https://172.105.107.134/chase/email.html,0.0,31.0,0.0,0.0,0.0,0.0,62.0,5.0,0.0,22.0,20.0,15.0,5.0,1.0,3.0,0.0,239.0,106.0,133.0,Sign in - chase.com,1.0
09697d1e-717d-4a63-a201-2a58595fdcca,1.0,PT,20200831,26.0,0.0,0.0,85.0,0.0,2.0,2.0,2.0,2.0,1291.0,4126.0,0.0,https://172.105.107.134/chase/cc.html,0.0,35.0,0.0,0.0,0.0,0.0,73.0,2.0,0.0,22.0,22.0,15.0,7.0,1.0,4.0,0.0,310.0,155.0,155.0,Sign in - chase.com,1.0
d70fc8bd-8424-45d0-9cbd-62dbc7bab78b,1.0,PT,20200831,8.0,0.0,0.0,88.0,60.0,5.0,5.0,6.0,4.0,70.0,258.0,4.0,http://qnaqaaa08cowa.et.r.appspot.com/app/index/index.html,4.0,6.0,4.0,2.0,3.0,2.0,38.0,3.0,1.0,6.0,3.0,1.0,2.0,2.0,22.0,0.0,95.0,62.0,33.0,Sign in to your account,1.0
ad0eb139-fa1b-4dd1-9d41-195a09bef93e,1.0,PT,20200831,12.0,0.0,0.0,67.0,33.0,3.0,3.0,4.0,1.0,228.0,304.0,0.0,http://powadeng.gq/flaps/trads/,0.0,6.0,0.0,0.0,0.0,0.0,10.0,1.0,0.0,6.0,5.0,1.0,4.0,3.0,4.0,0.0,64.0,42.0,22.0,Download Document - Adobe Sign In,1.0
089aae62-a767-48e2-8310-7d49f2a5c1fe,1.0,PT,20200831,12.0,0.0,0.0,67.0,33.0,3.0,3.0,4.0,1.0,229.0,304.0,0.0,http://powadeng.gq/flaps/trads/,0.0,6.0,0.0,0.0,0.0,0.0,10.0,1.0,0.0,6.0,5.0,1.0,4.0,3.0,4.0,0.0,64.0,42.0,22.0,Download Document - Adobe Sign In,1.0
f022eea7-10c0-431d-b110-684c7f2c5d06,1.0,PT,20200831,8.0,0.0,0.0,25.0,33.0,3.0,3.0,3.0,2.0,1033.0,1085.0,0.0,http://mail.whoopla.com.au/krung/thai/login.php?cmd=login_submit&amp;id=2b5b30556a7d198c4a783402c6d4c7762b5b30556a7d198c4a783402c6d4c776&amp;session=2b5b30556a7d198c4a783402c6d4c7762b5b30556a7d198c4a783402c6d4c776,0.0,3.0,0.0,0.0,0.0,0.0,7.0,4.0,0.0,1.0,3.0,1.0,2.0,1.0,4.0,0.0,28.0,24.0,4.0,KTB netbank : Internet Banking,0.0
9dcbfef5-8714-4190-a096-7ac3ada5b290,1.0,PT,20200831,9.0,0.0,0.0,89.0,67.0,6.0,6.0,7.0,4.0,76.0,258.0,4.0,http://logln-office365-0nline.wm.r.appspot.com/),4.0,6.0,4.0,2.0,3.0,2.0,39.0,4.0,1.0,6.0,3.0,1.0,2.0,2.0,22.0,0.0,99.0,64.0,35.0,Sign in to your account,1.0
0efe2a52-1964-4e47-beb0-2287dfb36068,1.0,PT,20200831,9.0,0.0,0.0,56.0,50.0,6.0,7.0,6.0,2.0,208.0,588.0,0.0,http://joiinlinkgrupbokep.000webhostapp.com/WA_18__(PulberAja)_/,22.0,31.0,0.0,0.0,0.0,0.0,29.0,1.0,0.0,24.0,3.0,2.0,1.0,0.0,0.0,0.0,128.0,34.0,94.0,WhatsApp Group Invite,0.0
7dbde696-fd6e-470b-8a13-ed6964e82125,1.0,PT,20200831,9.0,0.0,0.0,56.0,50.0,6.0,7.0,6.0,2.0,208.0,588.0,2.0,http://joiinlinkgrupbokep.000webhostapp.com/WA_18__(PulberAja)_/,22.0,31.0,0.0,0.0,0.0,0.0,29.0,1.0,0.0,24.0,3.0,2.0,1.0,0.0,0.0,0.0,128.0,34.0,94.0,WhatsApp Group Invite,0.0
fec00284-7625-45da-bf20-66c3ec551f5a,1.0,PT,20200831,7.0,0.0,0.0,29.0,33.0,3.0,3.0,3.0,3.0,2369.0,2424.0,0.0,http://jaman.shop/netflix.com/login.php?cmd=login_submit&amp;id=fa67f2d637a5fb467b9c6b7ab915c7aafa67f2d637a5fb467b9c6b7ab915c7aa&amp;session=fa67f2d637a5fb467b9c6b7ab915c7aafa67f2d637a5fb467b9c6b7ab915c7aa,0.0,3.0,0.0,0.0,0.0,0.0,7.0,2.0,0.0,0.0,3.0,1.0,2.0,1.0,5.0,0.0,29.0,22.0,7.0,Netflix,0.0
0b7ce95a-7102-4d19-839e-d9d24fb06dab,1.0,PT,20200831,26.0,0.0,0.0,54.0,20.0,4.0,7.0,6.0,3.0,114.0,396.0,0.0,http://da822325-313f-4f85-b334-d9b00a2d64da.htmlcomponentservice.com/get_draft?id=da8223_943e1deadfc8b224198f3740580b37aa.html,0.0,18.0,0.0,0.0,0.0,0.0,81.0,6.0,3.0,26.0,15.0,8.0,7.0,1.0,16.0,0.0,273.0,79.0,194.0,Log in to your PayPal account,1.0
419e7d0f-d4fb-4ae9-9551-980f2d94ad96,1.0,PT,20200831,35.0,0.0,0.0,0.0,0.0,3.0,3.0,3.0,3.0,4459.0,4447.0,1.0,http://coluro.com/wp-content/themes/minoone/mdo/ofs.html,0.0,10.0,0.0,1.0,0.0,0.0,19.0,18.0,0.0,0.0,4.0,3.0,1.0,0.0,4.0,0.0,157.0,41.0,116.0,CaixaBank | banca digital CaixaBankNow,0.0
e4e6b28b-eb94-4e41-952f-e34c7736671e,1.0,PT,20200831,10.0,0.0,0.0,90.0,57.0,5.0,6.0,6.0,2.0,174.0,435.0,0.0,http://arched-elixir-280012.nw.r.appspot.com/home.html,28.0,4.0,0.0,0.0,0.0,0.0,61.0,2.0,1.0,66.0,2.0,0.0,2.0,2.0,5.0,0.0,310.0,100.0,210.0,Personal cloud storage - Microsoft OneDrive,1.0
1f9d30d3-1e4e-434e-ab1c-82ee39eb67d4,1.0,PT,20200831,,,,,,,,,,,,,,,,,,,,,,,,,,,,,,,,,,
124c2550-a2c8-4ff6-ac57-26fbfa05c708,1.0,PT,20200831,2.0,0.0,0.0,100.0,0.0,1.0,1.0,1.0,1.0,1.0,0.0,2.0,"https://secure.runescape.com-un.ru/m=weblogin/loginform131,453,666,62334529,2167",0.0,1.0,0.0,1.0,0.0,0.0,0.0,0.0,0.0,0.0,0.0,0.0,0.0,0.0,0.0,0.0,3.0,3.0,0.0,,0.0
d881a688-2d1c-49dc-9a06-8c12755e8014,1.0,PT,20200831,11.0,0.0,0.0,0.0,0.0,1.0,1.0,1.0,1.0,11.0,11.0,1.0,http://c3e6c20dd0.nxcli.net/wp-content/html/zip/update/index.php,0.0,5.0,0.0,0.0,0.0,0.0,2.0,3.0,0.0,0.0,4.0,3.0,1.0,1.0,4.0,0.0,54.0,51.0,3.0, Client,0.0
292a4ae9-25a4-4567-bb0f-cdce1ed8194e,1.0,PT,20200831,9.0,0.0,0.0,100.0,50.0,2.0,2.0,2.0,2.0,84.0,83.0,0.0,https://ssotrelowebmail.z13.web.core.windows.net/,0.0,8.0,0.0,0.0,0.0,0.0,13.0,1.0,0.0,0.0,7.0,0.0,7.0,1.0,4.0,0.0,45.0,23.0,22.0,Webmail Login,1.0
349cb598-ba0a-418b-a92d-6bfea2398004,1.0,PT,20200831,1.0,0.0,0.0,0.0,0.0,1.0,1.0,1.0,1.0,0.0,0.0,0.0,"https://www.cpdsalerno.com/redacted@redacted.tld/August 21, 2020/02:30",0.0,1.0,0.0,0.0,0.0,0.0,0.0,0.0,0.0,0.0,0.0,0.0,0.0,0.0,0.0,0.0,5.0,5.0,0.0,404 Not Found,0.0
7d452fb6-2661-472b-932e-a9ae38b0cb81,1.0,PT,20200831,34.0,0.0,0.0,100.0,0.0,1.0,1.0,1.0,1.0,864.0,1103.0,1.0,https://basiakurier.top/oplata27/euro-bank,14.0,4.0,0.0,0.0,1.0,0.0,64.0,15.0,0.0,27.0,3.0,2.0,1.0,1.0,6.0,0.0,170.0,47.0,123.0,Euro Bank,1.0
22f27052-2c80-4aca-ae2c-a723fe0a6674,1.0,PT,20200831,29.0,0.0,0.0,100.0,0.0,1.0,1.0,1.0,1.0,672.0,1001.0,1.0,https://basiakurier.top/oplata27/millenium/bank,5.0,4.0,0.0,0.0,1.0,0.0,87.0,16.0,0.0,8.0,3.0,2.0,1.0,1.0,8.0,0.0,188.0,39.0,149.0,Millennium Bank,1.0
b250d9dd-9552-4fbe-9647-5b270524ca92,1.0,PT,20200831,28.0,0.0,0.0,93.0,33.0,4.0,4.0,4.0,3.0,355.0,411.0,0.0,https://wxyzphotography.com/apsm/Absa Online - PROFILE.htm,15.0,8.0,0.0,0.0,0.0,0.0,205.0,9.0,1.0,26.0,3.0,1.0,2.0,2.0,33.0,0.0,438.0,175.0,263.0,Absa Online,1.0
80ddc810-3eb6-4af2-b7b4-fc7f1171d1ac,1.0,PT,20200831,16.0,0.0,0.0,88.0,100.0,2.0,2.0,3.0,2.0,315.0,417.0,0.0,https://outlookoffice365steps.uc.r.appspot.com/tca644vtodmvotwhil5yc5fe.php?id=test@example.com,0.0,8.0,0.0,0.0,0.0,0.0,37.0,3.0,1.0,5.0,9.0,6.0,3.0,2.0,22.0,0.0,97.0,67.0,30.0,Sign in to your account,1.0
ae5b8f7d-5d3e-4b54-8faa-75e2fbccd7b9,1.0,PT,20200831,47.0,0.0,0.0,72.0,0.0,8.0,11.0,10.0,5.0,291.0,1064.0,2.0,http://virtualmickey.com/wp-content/plugins/bbpress/amex/amex/sett.php,105.0,295.0,0.0,1.0,0.0,0.0,146.0,9.0,0.0,133.0,29.0,19.0,10.0,2.0,44.0,0.0,620.0,283.0,337.0,American Express Login,1.0
6b60d6ac-9041-485f-ac3d-7c43e6131c93,1.0,PT,20200831,43.0,0.0,0.0,79.0,0.0,8.0,11.0,10.0,6.0,290.0,1064.0,0.0,http://fotobooth.at/wp-content/themes/sketch/undo/amex/sett.php,105.0,295.0,0.0,0.0,0.0,0.0,146.0,9.0,0.0,133.0,29.0,19.0,10.0,2.0,44.0,0.0,620.0,283.0,337.0,American Express Login,1.0
a1f3600b-2ac8-4d9e-a4d5-de52d841a2c2,1.0,PT,20200831,43.0,0.0,0.0,79.0,0.0,8.0,11.0,10.0,6.0,292.0,1064.0,2.0,http://xiangmushizhi.com/wp-content/themes/sketch-new/amex/amex/sett.php,105.0,295.0,0.0,1.0,0.0,0.0,146.0,9.0,0.0,133.0,29.0,19.0,10.0,2.0,44.0,0.0,620.0,283.0,337.0,American Express Login,1.0
3e3164fa-93d4-42c8-8e2e-46548ab27d0b,1.0,PT,20200831,43.0,0.0,0.0,79.0,0.0,8.0,11.0,10.0,6.0,292.0,1064.0,2.0,http://xiangmushizhi.com/wp-content/themes/recon/amex/sett.php,105.0,295.0,0.0,1.0,0.0,0.0,146.0,9.0,0.0,133.0,29.0,19.0,10.0,2.0,44.0,0.0,620.0,283.0,337.0,American Express Login,1.0
0ed7311d-9afd-42b3-8624-83d3e5150bc4,1.0,PT,20200831,16.0,0.0,0.0,0.0,0.0,2.0,2.0,1.0,1.0,394.0,409.0,0.0,http://586b63e6473105292.temporary.link/6EZF3EZF5EF23F0055SSD/4FE56GF5EZ8D9FAE6Z6D5EZ88/066369523620FE/EZF78GFZ45FEFDSMFEORG/987654dhl-information-contact.html,0.0,14.0,0.0,0.0,0.0,0.0,99.0,27.0,0.0,0.0,2.0,1.0,1.0,1.0,13.0,0.0,179.0,139.0,40.0,TRACK Express,1.0
cbda5378-1cc4-4f76-bf04-2ac825e7f5d6,1.0,PT,20200831,1.0,0.0,0.0,0.0,0.0,1.0,1.0,1.0,1.0,1.0,0.0,1.0,http://79k52baw2qa3.com/qsg581mqn?key=0d1042974e4705a53277fcd956c3bd33/,1.0,1.0,0.0,0.0,0.0,0.0,0.0,0.0,0.0,1.0,0.0,0.0,0.0,0.0,0.0,0.0,3.0,3.0,0.0,,0.0
ff9c65ee-0199-4889-a86a-ce744006910b,1.0,PT,20200831,1.0,0.0,0.0,100.0,0.0,1.0,1.0,1.0,1.0,1.0,0.0,1.0,https://79k52baw2qa3.com/qsg581mqn?key=0d1042974e4705a53277fcd956c3bd33/,1.0,1.0,0.0,0.0,0.0,0.0,0.0,0.0,0.0,1.0,0.0,0.0,0.0,0.0,0.0,0.0,3.0,3.0,0.0,,0.0
465d0e7d-0c93-4e28-abdd-9c8b06992db3,1.0,PT,20200831,1.0,0.0,0.0,0.0,0.0,1.0,1.0,1.0,1.0,1.0,0.0,1.0,http://79k52baw2qa3.com/qsg581mqn?key=0d1042974e4705a53277fcd956c3bd33,1.0,1.0,0.0,0.0,0.0,0.0,0.0,0.0,0.0,1.0,0.0,0.0,0.0,0.0,0.0,0.0,3.0,3.0,0.0,,0.0
2f5876ea-de96-4abd-b8d0-8683593d752d,1.0,PT,20200831,1.0,0.0,0.0,100.0,0.0,1.0,1.0,1.0,1.0,1.0,0.0,1.0,https://79k52baw2qa3.com/qsg581mqn?key=0d1042974e4705a53277fcd956c3bd33,1.0,1.0,0.0,0.0,0.0,0.0,0.0,0.0,0.0,1.0,0.0,0.0,0.0,0.0,0.0,0.0,3.0,3.0,0.0,,0.0
3c1b2afb-aea9-4a15-bdb8-8ba109862323,1.0,PT,20200831,7.0,0.0,0.0,100.0,50.0,2.0,2.0,2.0,2.0,53.0,200.0,1.0,https://atualizacaoclicaixa.myddns.me/app/mobile/,0.0,2.0,0.0,1.0,0.0,0.0,7.0,0.0,1.0,1.0,2.0,1.0,1.0,0.0,0.0,0.0,24.0,18.0,6.0,Seja Bem-vindo ao Novo Portal,0.0
b2d5a57e-359d-4332-8335-b86abe9e3d18,1.0,PT,20200831,,,,,,,,,,,,,,,,,,,,,,,,,,,,,,,,,,
027c9f08-8a7d-4083-9f5b-3a01f02d923e,1.0,PT,20200831,,,,,,,,,,,,,,,,,,,,,,,,,,,,,,,,,,
1d1d1367-912a-46f8-966b-4e19d9270d90,1.0,PT,20200831,28.0,0.0,0.0,93.0,100.0,3.0,3.0,3.0,1.0,440.0,1372.0,2.0,https://www.globaldiscount.ca/kr/Linkedin/index2.html,9.0,103.0,1.0,1.0,1.0,0.0,24.0,0.0,2.0,14.0,47.0,13.0,34.0,1.0,13.0,0.0,142.0,102.0,40.0,Sign In | LinkedIn,1.0
76312733-427e-494f-810c-652e39c20f4b,1.0,PT,20200831,28.0,0.0,0.0,93.0,100.0,3.0,3.0,3.0,1.0,440.0,1372.0,2.0,https://www.globaldiscount.ca/kr/Linkedin/index.html,10.0,103.0,1.0,1.0,1.0,0.0,23.0,0.0,2.0,14.0,47.0,13.0,34.0,1.0,10.0,0.0,135.0,97.0,38.0,Sign In | LinkedIn,1.0
45f9be21-5229-4591-9288-621d338b7222,1.0,PT,20200831,,,,,,,,,,,,,,,,,,,,,,,,,,,,,,,,,,
0efa6df0-1cad-4ddf-90d8-610fc7819bc0,1.0,PT,20200831,9.0,0.0,0.0,100.0,60.0,5.0,6.0,5.0,4.0,181.0,440.0,0.0,https://wubnrowfadnpcvhdqakygpbzoe-dot-gleowayel400503.uc.r.appspot.com/,0.0,38.0,0.0,0.0,0.0,0.0,0.0,0.0,0.0,0.0,5.0,3.0,2.0,0.0,0.0,0.0,19.0,19.0,0.0,Log in | Excel,0.0
24ed6bf3-e6f9-4b94-8604-378640fbc931,1.0,PT,20200831,9.0,0.0,0.0,100.0,60.0,5.0,6.0,5.0,4.0,181.0,440.0,0.0,https://uxegscwowgxqscxsdcjqupxumt-dot-gleowayel400503.uc.r.appspot.com/,0.0,38.0,0.0,0.0,0.0,0.0,0.0,0.0,0.0,0.0,5.0,3.0,2.0,0.0,0.0,0.0,19.0,19.0,0.0,Log in | Excel,0.0
df58306d-79a0-4394-807b-488aa01a8739,1.0,PT,20200831,9.0,0.0,0.0,100.0,60.0,5.0,6.0,5.0,4.0,181.0,440.0,0.0,https://urxkqqjhdjroqscqbgfecuuslh-dot-gleowayel400503.uc.r.appspot.com/,0.0,38.0,0.0,0.0,0.0,0.0,0.0,0.0,0.0,0.0,5.0,3.0,2.0,0.0,0.0,0.0,19.0,19.0,0.0,Log in | Excel,0.0
5ca026e2-e2e8-4937-8925-57fddee7fda6,1.0,PT,20200831,,,,,,,,,,,,,,,,,,,,,,,,,,,,,,,,,,
a90f480b-e0fd-4ab5-9cf3-ed7a3c5aef4b,1.0,PT,20200831,,,,,,,,,,,,,,,,,,,,,,,,,,,,,,,,,,
3586054c-f8c4-44f4-a477-a1abc50cd11b,1.0,PT,20200831,6.0,0.0,0.0,100.0,67.0,3.0,3.0,3.0,3.0,70.0,261.0,0.0,https://sfshfkfaf.co.vu/help-support/,0.0,3.0,0.0,0.0,0.0,0.0,18.0,1.0,0.0,0.0,3.0,3.0,0.0,1.0,3.0,0.0,204.0,186.0,18.0,Facebook,1.0
1dd7f7d2-1bec-4b87-91af-5702a0fdcf2a,1.0,PT,20200831,,,,,,,,,,,,,,,,,,,,,,,,,,,,,,,,,,
3c0455a4-474e-486a-a054-9e9bbccd96b2,1.0,PT,20200831,27.0,0.0,0.0,100.0,0.0,2.0,2.0,2.0,2.0,67.0,163.0,0.0,https://la-beauti.com/Million%20-%202/directing/www.cibc.mobi/ebm-mobile-anp/account.php,7.0,27.0,0.0,0.0,0.0,0.0,24.0,9.0,0.0,17.0,9.0,8.0,1.0,1.0,7.0,0.0,132.0,93.0,39.0,CIBC Mobile Banking Sign On,1.0
d55576d7-a19e-47c2-977b-502aed369fef,1.0,PT,20200831,9.0,0.0,0.0,100.0,0.0,2.0,2.0,2.0,2.0,355.0,354.0,0.0,https://la-beauti.com/Million%20-%202/directing/www.bmo.com/cgi-bin/netbnx/secquestions.php,6.0,1.0,0.0,0.0,0.0,0.0,70.0,4.0,0.0,12.0,0.0,0.0,0.0,1.0,5.0,0.0,254.0,146.0,108.0,Online Banking | Bank of Montreal,1.0
99458bc0-f022-4f8b-886d-273eef6d472e,1.0,PT,20200831,9.0,0.0,0.0,100.0,0.0,2.0,2.0,2.0,2.0,340.0,339.0,0.0,https://la-beauti.com/Million%20-%202/directing/www.bmo.com/cgi-bin/netbnx/information.php?product=7,6.0,1.0,0.0,0.0,0.0,0.0,44.0,4.0,0.0,12.0,0.0,0.0,0.0,1.0,2.0,0.0,137.0,57.0,80.0,Online Banking | Bank of Montreal,0.0
908583cd-a821-447d-a586-7b6c7d1a24ee,1.0,PT,20200831,27.0,0.0,0.0,100.0,0.0,1.0,1.0,1.0,1.0,961.0,955.0,0.0,https://la-beauti.com/Million%20-%202/directing/desjardins/identifiantunique/questions.php,15.0,9.0,0.0,0.0,0.0,0.0,1827.0,39.0,0.0,78.0,1.0,1.0,0.0,1.0,241.0,0.0,3872.0,1171.0,2701.0,Desjardins | Confirmez votre compte en ligne Desjardins,1.0
5ce8783d-96f9-462d-a6cb-63b1d4186855,1.0,PT,20200831,34.0,0.0,0.0,100.0,0.0,2.0,3.0,3.0,2.0,414.0,439.0,0.0,https://la-beauti.com/Million%20-%202/directing/desjardins/identifiantunique/index2.php,15.0,2.0,0.0,0.0,0.0,0.0,93.0,16.0,0.0,37.0,7.0,3.0,4.0,2.0,5.0,0.0,284.0,144.0,140.0,"	Se connecter | Desjardins
	",1.0
8abb9af4-98fd-49aa-98e7-a03fec0de2ae,1.0,PT,20200831,27.0,0.0,0.0,100.0,0.0,1.0,1.0,1.0,1.0,938.0,932.0,0.0,https://la-beauti.com/Million%20-%202/directing/desjardins/identifiantunique/indentification.php,15.0,9.0,0.0,0.0,0.0,0.0,1790.0,39.0,0.0,78.0,1.0,1.0,0.0,1.0,238.0,0.0,3714.0,1065.0,2649.0,Desjardins | Confirmez votre compte en ligne Desjardins,1.0
f0eb5630-174e-4b66-9b1d-08fa83b1c7ac,1.0,PT,20200831,10.0,0.0,0.0,100.0,0.0,4.0,4.0,3.0,3.0,75.0,285.0,1.0,https://hermepierre.com/zer.php,0.0,3.0,0.0,1.0,0.0,0.0,8.0,1.0,0.0,5.0,5.0,3.0,2.0,1.0,2.0,0.0,40.0,26.0,14.0,Connectez vous Ã  votre compte,1.0
336a295f-80d9-4e9d-9e77-758d6d302a50,1.0,PT,20200831,24.0,0.0,0.0,13.0,25.0,4.0,4.0,4.0,4.0,439.0,443.0,0.0,https://cms.vicloud.vn/wp-admin/moncompte/index.php,0.0,10.0,0.0,0.0,0.0,0.0,50.0,11.0,1.0,15.0,11.0,6.0,5.0,1.0,22.0,0.0,434.0,327.0,107.0,Remboursement,1.0
dc84f3fb-f902-4b17-ba99-98be1b7bf74f,1.0,PT,20200831,16.0,0.0,0.0,94.0,0.0,6.0,10.0,9.0,3.0,318.0,382.0,0.0,https://atlas-powerd.top/images/ali/login.php,49.0,21.0,0.0,0.0,0.0,0.0,45.0,6.0,0.0,54.0,9.0,2.0,7.0,1.0,5.0,0.0,175.0,124.0,51.0,"
		
Alibaba Manufacturer Directory - Suppliers, Manufacturers, Exporters &amp; Importers ",1.0
cbe009ec-4f23-432c-926d-e0df647d8208,1.0,PT,20200831,8.0,0.0,0.0,100.0,50.0,2.0,3.0,2.0,2.0,47.0,49.0,1.0,http://www.moncsipirograf.hu/wp/wp-content/plugins/loginizer/IPv6/redirect.php,0.0,5.0,0.0,1.0,0.0,0.0,16.0,0.0,0.0,4.0,5.0,2.0,3.0,0.0,2.0,0.0,39.0,22.0,17.0,Connectez-vous Ã  votre compte PayPal,0.0
1c00ce78-2898-4e42-9607-dfed994de478,1.0,PT,20200831,1.0,0.0,0.0,0.0,0.0,1.0,1.0,2.0,1.0,68.0,114.0,0.0,http://www.mensamagazine.it/images/immagini/c/D-T78C2V4/actualisation/ovh/dg3njq=/,1.0,1.0,0.0,0.0,0.0,0.0,19.0,7.0,0.0,9.0,2.0,0.0,2.0,1.0,6.0,0.0,142.0,110.0,32.0,Paiement sÃ©curisÃ© OVH,0.0
0aded3af-5071-48d8-83b2-47a30f53ba80,1.0,PT,20200831,1.0,0.0,0.0,0.0,0.0,1.0,1.0,2.0,1.0,68.0,114.0,0.0,http://www.mensamagazine.it/images/immagini/c/D-T78C2V4/actualisation/ovh/dg3njq=/,1.0,1.0,0.0,0.0,0.0,0.0,19.0,7.0,0.0,9.0,2.0,0.0,2.0,1.0,6.0,0.0,142.0,110.0,32.0,Paiement sÃ©curisÃ© OVH,0.0
2a2662b3-3af9-4175-a712-a165c8d7f91b,1.0,PT,20200831,1.0,0.0,0.0,0.0,0.0,1.0,1.0,1.0,1.0,0.0,0.0,0.0,http://rawsonrealty.org/mko/BankofAmerica/,0.0,1.0,0.0,0.0,0.0,0.0,0.0,0.0,0.0,0.0,0.0,0.0,0.0,0.0,0.0,0.0,5.0,5.0,0.0,Error 404 - Not Found,0.0
7c74b81d-41f0-4226-9346-addee66c62ba,1.0,PT,20200831,1.0,0.0,0.0,0.0,0.0,1.0,1.0,1.0,1.0,0.0,0.0,0.0,http://rawsonrealty.org/mko/BankofAmerica/250a8910c7e73b573777166ecc12b667/,0.0,1.0,0.0,0.0,0.0,0.0,0.0,0.0,0.0,0.0,0.0,0.0,0.0,0.0,0.0,0.0,5.0,5.0,0.0,Error 404 - Not Found,0.0
3ccd7074-9ab9-40ee-97fe-2cca9f640e7d,1.0,PT,20200831,33.0,0.0,0.0,0.0,0.0,1.0,1.0,1.0,1.0,76.0,92.0,0.0,http://rakuten.co.jp.rakutentep.top/,0.0,3.0,0.0,0.0,0.0,0.0,16.0,7.0,0.0,15.0,11.0,9.0,2.0,1.0,21.0,0.0,152.0,129.0,23.0,ã€æ¥½å¤©ã€‘ãƒ­ã‚°ã‚¤ãƒ³,1.0
6187a12b-f8bb-4e06-8e56-1601fd679423,1.0,PT,20200831,2.0,0.0,0.0,0.0,0.0,1.0,1.0,1.0,1.0,5.0,10.0,0.0,http://mpjobadda.com/ACO%202/Controller/,0.0,1.0,0.0,0.0,0.0,0.0,4.0,1.0,0.0,18.0,1.0,0.0,1.0,2.0,16.0,0.0,165.0,159.0,6.0,AT&T Security Server: Login,1.0
02fbd89a-feed-4656-9e01-6a1a90f170a7,1.0,PT,20200831,2.0,0.0,0.0,0.0,0.0,1.0,1.0,1.0,1.0,5.0,10.0,0.0,http://mpjobadda.com/ACO%202/Controller/,0.0,1.0,0.0,0.0,0.0,0.0,4.0,1.0,0.0,18.0,1.0,0.0,1.0,2.0,16.0,0.0,165.0,159.0,6.0,AT&T Security Server: Login,1.0
02db3b7f-dfaf-465a-bba2-98f1470ded1b,1.0,PT,20200831,18.0,0.0,0.0,89.0,0.0,4.0,6.0,6.0,2.0,92.0,245.0,0.0,http://isaiahmcpeak.com/log/daum.htm,6.0,7.0,0.0,0.0,0.0,0.0,22.0,0.0,1.0,8.0,10.0,8.0,2.0,2.0,13.0,0.0,109.0,42.0,67.0,Daum ë¡œê·¸ì¸,1.0
b9539b68-2012-4da5-a634-9c67cc958e09,1.0,PT,20200831,3.0,0.0,0.0,67.0,0.0,3.0,3.0,3.0,2.0,834.0,835.0,0.0,http://infoturismzavoi.ro/ddd/demail.php,0.0,2.0,0.0,0.0,0.0,0.0,1.0,1.0,0.0,0.0,1.0,0.0,1.0,1.0,3.0,0.0,88.0,85.0,3.0,DHL | Tracking made easy...,1.0
aa4fe8fc-be55-48d4-b8bc-15a364acbf59,1.0,PT,20200831,148.0,0.0,0.0,98.0,73.0,32.0,47.0,38.0,7.0,3666.0,11069.0,13.0,http://ht.ly/D7Y130r7aZR,31.0,238.0,4.0,1.0,4.0,1.0,140.0,31.0,9.0,41.0,51.0,36.0,15.0,0.0,1.0,0.0,609.0,300.0,309.0,Servicios para webmasters,0.0
d05902f9-fba1-43d6-a685-7acee89b74c7,1.0,PT,20200831,91.0,0.0,0.0,98.0,78.0,29.0,41.0,38.0,8.0,3083.0,9457.0,1.0,https://wo69c.app.link/RprumqMGn9,28.0,217.0,0.0,0.0,1.0,0.0,129.0,29.0,7.0,38.0,43.0,31.0,12.0,0.0,1.0,0.0,576.0,299.0,277.0,Servicios para webmasters,0.0
5075110e-3f02-4aeb-aec6-d7275e50e79b,1.0,PT,20200831,22.0,0.0,0.0,9.0,33.0,3.0,3.0,3.0,2.0,440.0,443.0,1.0,http://hotel.seotowebdesign.com/wp-includes/js/codemirror/im/espac/sms.html,0.0,6.0,0.0,0.0,0.0,0.0,38.0,8.0,1.0,13.0,12.0,6.0,6.0,1.0,7.0,0.0,123.0,73.0,50.0,Remboursement,0.0
bd23a4fe-54fa-49ac-abf1-09724bdf7c5f,1.0,PT,20200831,5.0,0.0,0.0,40.0,67.0,3.0,3.0,3.0,2.0,54.0,131.0,0.0,http://fastaidlife.com/ok/linkedin_/index.php?email=%7B,0.0,4.0,0.0,0.0,0.0,0.0,4.0,1.0,0.0,0.0,3.0,1.0,2.0,2.0,4.0,0.0,30.0,23.0,7.0,"LinkedIn Login, LinkedIn Sign in | LinkedIn",1.0
dd41e1b1-71d4-47a3-bff9-e787a1d90705,1.0,PT,20200831,28.0,0.0,0.0,32.0,0.0,5.0,9.0,8.0,2.0,983.0,1637.0,2.0,http://9dollarsintothousands.com/wp-includes/Text/Diff/Engine/wp-content/Login.htm,48.0,20.0,0.0,0.0,0.0,0.0,34.0,3.0,1.0,71.0,5.0,3.0,2.0,0.0,0.0,0.0,170.0,126.0,44.0,"Alibaba Manufacturer Directory - Suppliers, Manufacturers, Exporters &amp; Importers ",0.0
0c72f980-7dbb-4a2d-9b49-d958137f1d54,1.0,PT,20200831,36.0,0.0,0.0,97.0,40.0,5.0,5.0,6.0,4.0,594.0,1176.0,11.0,http://app-24-7.myshopify.com/,1.0,34.0,1.0,0.0,4.0,0.0,134.0,14.0,0.0,9.0,27.0,10.0,17.0,2.0,6.0,0.0,336.0,137.0,199.0,app-24-7,1.0
b505abd1-0507-41f5-9041-cec4e4af1043,1.0,PT,20200831,35.0,0.0,0.0,100.0,40.0,5.0,6.0,5.0,4.0,593.0,1176.0,11.0,http://www.app-24-7.myshopify.com/,1.0,34.0,1.0,0.0,4.0,0.0,134.0,14.0,0.0,9.0,27.0,10.0,17.0,2.0,6.0,0.0,336.0,137.0,199.0,app-24-7,1.0
bde270dd-8efd-4f65-97bf-41676e6e098a,1.0,PT,20200831,35.0,0.0,0.0,100.0,40.0,5.0,6.0,5.0,4.0,591.0,1176.0,11.0,http://www.app-24-7.myshopify.com,1.0,34.0,1.0,0.0,4.0,0.0,134.0,14.0,0.0,9.0,27.0,10.0,17.0,2.0,6.0,0.0,336.0,137.0,199.0,app-24-7,1.0
580a0c16-3cb4-466d-8479-cedae4ee23f5,1.0,PT,20200831,13.0,0.0,0.0,31.0,100.0,5.0,5.0,5.0,3.0,250.0,497.0,0.0,http://womensmma.com/LanTroVisionLtd/toda/,0.0,5.0,0.0,0.0,0.0,0.0,9.0,1.0,0.0,3.0,3.0,3.0,0.0,0.0,0.0,0.0,26.0,13.0,13.0,One Drive,0.0
c6a2cc66-a7f5-42d9-8e9c-b7580d459ed1,1.0,PT,20200831,1.0,0.0,0.0,100.0,0.0,1.0,1.0,1.0,1.0,1.0,1.0,0.0,https://paypal-verify-acc.com/pi,1.0,1.0,0.0,0.0,0.0,0.0,3.0,0.0,0.0,1.0,0.0,0.0,0.0,0.0,0.0,0.0,12.0,12.0,0.0," 404 Not Found
",0.0
a8971875-6890-4315-92e4-3878ffe05aaf,1.0,PT,20200831,,,,,,,,,,,,,,,,,,,,,,,,,,,,,,,,,,
e52b8e77-b8b2-420e-b7b2-120f4d229beb,1.0,PT,20200831,5.0,0.0,0.0,20.0,0.0,2.0,2.0,2.0,2.0,105.0,107.0,1.0,http://paypal-login286.com/egg.php?secret_key=7scvybx2wzralnj31dgiq046uhtoek,0.0,1.0,0.0,1.0,0.0,0.0,37.0,2.0,0.0,15.0,0.0,0.0,0.0,1.0,2.0,0.0,117.0,28.0,89.0,Log in to your PayPal account,1.0
0b62cede-f4a8-4fab-ad36-3e6fafee88a4,1.0,PT,20200831,5.0,0.0,0.0,20.0,0.0,2.0,2.0,2.0,2.0,105.0,107.0,1.0,http://paypal-login285.com/egg.php?secret_key=3puck1s0n2jfxbt4wqe97mldyrvho8,0.0,1.0,0.0,1.0,0.0,0.0,37.0,2.0,0.0,15.0,0.0,0.0,0.0,1.0,2.0,0.0,117.0,28.0,89.0,Log in to your PayPal account,1.0
a1296185-d8ac-4679-a669-34b953af9a35,1.0,PT,20200831,2.0,0.0,0.0,0.0,0.0,1.0,1.0,2.0,1.0,60.0,120.0,0.0,http://nozaki777.com/outlook_owa/New/Login.php,0.0,2.0,0.0,0.0,0.0,0.0,11.0,4.0,0.0,1.0,1.0,0.0,1.0,1.0,3.0,0.0,34.0,20.0,14.0,Outlook,1.0
3201684e-0569-4684-b289-2975eec5daa0,1.0,PT,20200831,7.0,0.0,0.0,100.0,50.0,2.0,2.0,2.0,2.0,53.0,200.0,1.0,https://atualizacaoclicaixa.myddns.me/app/mobile/,0.0,2.0,0.0,1.0,0.0,0.0,7.0,0.0,1.0,1.0,2.0,1.0,1.0,0.0,0.0,0.0,24.0,18.0,6.0,Seja Bem-vindo ao Novo Portal,0.0
cedf7d58-2b6c-4190-a293-30fa5b6637ef,1.0,PT,20200831,7.0,0.0,0.0,100.0,33.0,3.0,3.0,2.0,3.0,53.0,200.0,1.0,http://atualizacaocliecaixa.com,0.0,2.0,0.0,1.0,0.0,0.0,7.0,0.0,1.0,1.0,2.0,1.0,1.0,0.0,0.0,0.0,24.0,18.0,6.0,Seja Bem-vindo ao Novo Portal,0.0
071a345c-d1db-45fb-b712-2d2bdb49557a,1.0,PT,20200831,11.0,0.0,0.0,0.0,0.0,1.0,1.0,1.0,1.0,11.0,11.0,2.0,http://c3e6c20dd0.nxcli.net/wp-content/html/zip/update/index.php?email=hostmaster@imp.ch,0.0,5.0,0.0,1.0,0.0,0.0,2.0,3.0,0.0,0.0,4.0,3.0,1.0,1.0,4.0,0.0,54.0,51.0,3.0,Imp Client,0.0
c2f12b63-fba6-4d38-b33c-fd3d741a5b3c,1.0,PT,20200831,11.0,0.0,0.0,0.0,0.0,1.0,1.0,1.0,1.0,11.0,11.0,1.0,http://c3e6c20dd0.nxcli.net/wp-content/html/zip/update/index.php?email=peering@imp.ch,0.0,5.0,0.0,0.0,0.0,0.0,2.0,3.0,0.0,0.0,4.0,3.0,1.0,1.0,4.0,0.0,54.0,51.0,3.0,Imp Client,0.0
4ea1dc9c-7702-4041-915b-2f1cd770599e,1.0,PT,20200831,125.0,0.0,0.0,100.0,33.0,4.0,11.0,6.0,3.0,2652.0,3227.0,0.0,https://www.designerforuiy.com/lvbag/index.php,7.0,30.0,0.0,0.0,0.0,0.0,418.0,93.0,0.0,226.0,24.0,15.0,9.0,2.0,7.0,0.0,1253.0,524.0,729.0,"Louis Vuitton & Chanel & Gucci Handbags, Wallets On Sale",1.0
f30a5702-6574-4668-a295-1bac30c82411,1.0,PT,20200831,17.0,0.0,0.0,100.0,75.0,3.0,3.0,4.0,2.0,790.0,1119.0,0.0,https://basiakurier.top/oplata27/,2.0,5.0,0.0,0.0,0.0,0.0,32.0,2.0,0.0,6.0,4.0,2.0,2.0,1.0,5.0,0.0,80.0,36.0,44.0,PayU,1.0
90441061-8d7d-42df-9874-ae14b450afab,1.0,PT,20200831,88.0,0.0,0.0,99.0,50.0,14.0,15.0,15.0,5.0,1930.0,4478.0,1.0,https://renovianutraceuticals.com/erste/0v8iIiCyErYwiMycuLACwSCiOTEsXAgICOJJfKCAUUa402WkbGssS3b2/login.php,0.0,7.0,1.0,1.0,0.0,0.0,24.0,5.0,1.0,9.0,10.0,8.0,2.0,1.0,3.0,0.0,81.0,47.0,34.0,Erste NetBank,1.0
1c03143f-4408-4b88-b390-984e68fe3383,1.0,PT,20200831,52.0,0.0,0.0,98.0,46.0,11.0,15.0,13.0,7.0,624.0,1783.0,1.0,https://bt-lntraneti.com/login/5ogrkzgu=/index.php,34.0,103.0,0.0,0.0,0.0,0.0,48.0,2.0,1.0,38.0,50.0,25.0,25.0,1.0,16.0,0.0,246.0,167.0,79.0,BT.com Log in,1.0
2b15c801-101a-4e18-86cc-355316a245c7,1.0,PT,20200831,5.0,0.0,0.0,20.0,0.0,2.0,2.0,2.0,1.0,105.0,107.0,1.0,http://paypal-login285.com,0.0,1.0,0.0,1.0,0.0,0.0,37.0,2.0,0.0,15.0,0.0,0.0,0.0,1.0,2.0,0.0,117.0,28.0,89.0,Log in to your PayPal account,1.0
a0a4b655-b20c-43aa-90d4-85fade5424c1,1.0,PT,20200831,1.0,0.0,0.0,100.0,0.0,1.0,1.0,1.0,1.0,1.0,1.0,0.0,https://paypal-verify-acc.com/pi/,1.0,1.0,0.0,0.0,0.0,0.0,3.0,0.0,0.0,1.0,0.0,0.0,0.0,0.0,0.0,0.0,12.0,12.0,0.0," 404 Not Found
",0.0
8b3b0520-56eb-42ff-b6e6-8c0e91f8a8de,1.0,PT,20200831,5.0,0.0,0.0,20.0,0.0,2.0,2.0,2.0,2.0,105.0,107.0,0.0,http://paypal-login288.com/,0.0,1.0,0.0,0.0,0.0,0.0,37.0,2.0,0.0,15.0,0.0,0.0,0.0,1.0,2.0,0.0,117.0,28.0,89.0,Log in to your PayPal account,1.0
240d51ad-2fe9-40a6-934a-923fcc733ca3,1.0,PT,20200831,31.0,0.0,0.0,100.0,71.0,5.0,7.0,6.0,3.0,533.0,1709.0,1.0,https://mail.cordobasy.com/Manage-AbsaOnlineBanking-httpsib.absa.co.zaabsa-onlinelogin.jsp-Logon-AbsaExpress/AbsaLogin.htm,14.0,26.0,1.0,0.0,1.0,0.0,211.0,8.0,1.0,26.0,5.0,3.0,2.0,2.0,33.0,0.0,441.0,180.0,261.0,Absa Online,1.0
9be514fb-9d41-43d8-8540-82758811c28d,1.0,PT,20200831,15.0,0.0,0.0,100.0,50.0,4.0,4.0,3.0,3.0,246.0,497.0,1.0,http://35.223.255.227/wp-mail.php,0.0,20.0,0.0,1.0,1.0,1.0,55.0,3.0,1.0,99.0,5.0,0.0,5.0,3.0,28.0,0.0,406.0,238.0,168.0,Credit Card Login | Discover Card,1.0
695fcb86-c707-4d12-b0d9-95ec46acfdb8,1.0,PT,20200831,3.0,0.0,0.0,100.0,67.0,3.0,3.0,3.0,2.0,42.0,44.0,0.0,https://www.derdledash.com/public/contact/firas,0.0,1.0,0.0,0.0,0.0,0.0,3.0,0.0,0.0,0.0,0.0,0.0,0.0,0.0,0.0,0.0,11.0,8.0,3.0,Page Not Found,0.0
e8201639-9208-4d5f-b42f-6f48401f105b,1.0,PT,20200831,6.0,0.0,0.0,100.0,67.0,3.0,3.0,3.0,3.0,70.0,261.0,0.0,https://sfshfkfaf.co.vu/help-support/,0.0,3.0,0.0,0.0,0.0,0.0,18.0,1.0,0.0,0.0,3.0,3.0,0.0,1.0,3.0,0.0,204.0,186.0,18.0,Facebook,1.0
d3f95f89-f8b8-477a-a402-3fa4ff394646,1.0,PT,20200831,12.0,0.0,0.0,83.0,70.0,9.0,10.0,10.0,3.0,167.0,598.0,2.0,http://undismantled-perfec.000webhostapp.com/email.html,1.0,35.0,0.0,0.0,0.0,0.0,4.0,1.0,0.0,2.0,6.0,5.0,1.0,1.0,3.0,0.0,33.0,31.0,2.0,Instagram,1.0
ec19c098-1397-4c40-a594-cb738fca8c05,1.0,PT,20200831,2.0,0.0,0.0,50.0,100.0,2.0,2.0,2.0,2.0,5.0,15.0,0.0,http://fffreecupidscarandbreakdancerb.000webhostapp.com/,0.0,1.0,0.0,0.0,0.0,0.0,20.0,1.0,0.0,9.0,0.0,0.0,0.0,1.0,13.0,0.0,80.0,34.0,46.0,Welcome to ,1.0
d81765f4-a4d0-4dd0-8cba-6aa2117f3afc,1.0,PT,20200831,7.0,0.0,0.0,57.0,40.0,4.0,5.0,5.0,1.0,102.0,302.0,2.0,http://squelched-hammer.000webhostapp.com/,4.0,31.0,0.0,0.0,0.0,0.0,7.0,2.0,0.0,5.0,3.0,2.0,1.0,1.0,3.0,0.0,46.0,36.0,10.0, Log in to Facebook | Facebook ,1.0
89ebe23e-52a8-40b1-874a-e4750e170d88,1.0,PT,20200831,40.0,0.0,0.0,10.0,40.0,4.0,5.0,6.0,1.0,147.0,462.0,2.0,http://fbpass2500.000webhostapp.com/,46.0,37.0,0.0,0.0,0.0,0.0,44.0,3.0,0.0,49.0,38.0,21.0,17.0,1.0,5.0,0.0,286.0,218.0,68.0,Facebook â€“ log in or sign up,1.0
10c382cf-3650-4ae8-82bf-8a36a57013f4,1.0,PT,20200831,9.0,0.0,0.0,78.0,50.0,6.0,7.0,7.0,2.0,121.0,426.0,2.0,https://ngaongansudoi345.000webhostapp.com/,1.0,33.0,0.0,0.0,0.0,0.0,21.0,2.0,0.0,1.0,6.0,4.0,2.0,2.0,5.0,0.0,86.0,65.0,21.0,Login into Facebook,1.0
f49cb899-022e-48ca-9d85-2b62510d24bc,1.0,PT,20200831,4.0,0.0,0.0,75.0,0.0,2.0,3.0,2.0,1.0,1468.0,1468.0,0.0,http://mobile-allactivity.aba.vg/,3.0,1.0,0.0,0.0,0.0,0.0,11.0,1.0,0.0,4.0,0.0,0.0,0.0,1.0,3.0,1.0,41.0,21.0,20.0,Ù‡Ø°Ù‡ Ø§Ù„ØµÙØ­Ø© Ù…Ø­Ø¸ÙˆØ±Ø© - 403,1.0
b2e494a8-1341-4d17-8118-1d4162c5342d,1.0,PT,20200831,6.0,0.0,0.0,67.0,40.0,5.0,6.0,6.0,1.0,83.0,287.0,2.0,http://6281992772018.000webhostapp.com/,10.0,31.0,0.0,0.0,0.0,0.0,25.0,2.0,0.0,12.0,4.0,2.0,2.0,1.0,16.0,0.0,88.0,53.0,35.0,Selamat datang di Facebook,1.0
dbc662d4-a86e-48ea-aacf-073f0a11c917,1.0,PT,20200831,9.0,0.0,0.0,56.0,50.0,6.0,7.0,6.0,2.0,208.0,588.0,2.0,http://groupbokepvip.000webhostapp.com/,22.0,31.0,0.0,0.0,0.0,0.0,29.0,1.0,0.0,24.0,3.0,2.0,1.0,0.0,0.0,0.0,127.0,33.0,94.0,WhatsApp Group Invite,0.0
980f200b-4ea3-47e9-89d2-618496eb58eb,1.0,PT,20200831,5.0,0.0,0.0,100.0,50.0,2.0,3.0,2.0,2.0,98.0,97.0,3.0,https://atupgradenow.weebly.com/,0.0,1.0,0.0,1.0,0.0,0.0,2.0,1.0,0.0,2.0,1.0,1.0,0.0,0.0,0.0,0.0,20.0,13.0,7.0,404 - Page Not Found,0.0
18edf41e-bdff-420f-b883-2d69e0174791,1.0,PT,20200831,9.0,0.0,0.0,56.0,50.0,6.0,7.0,6.0,2.0,208.0,588.0,2.0,http://contributing-delimi.000webhostapp.com/,22.0,31.0,0.0,0.0,0.0,0.0,29.0,1.0,0.0,24.0,3.0,2.0,1.0,0.0,0.0,0.0,127.0,33.0,94.0,WhatsApp Group Invite,0.0
332b536f-9ec5-4c5b-943c-8928b3d0f887,1.0,PT,20200831,27.0,0.0,0.0,100.0,0.0,1.0,1.0,1.0,1.0,367.0,895.0,1.0,https://ee.billing-paymonthly.com/,1.0,2.0,0.0,1.0,0.0,0.0,64.0,0.0,0.0,47.0,1.0,0.0,1.0,2.0,4.0,0.0,237.0,98.0,139.0,Login,1.0
d19b7a9a-4e7b-4904-b090-1229e11e2ab1,1.0,PT,20200831,27.0,0.0,0.0,100.0,0.0,1.0,1.0,1.0,1.0,367.0,895.0,1.0,http://ee.billing-paymonthly.com/,1.0,2.0,0.0,1.0,0.0,0.0,64.0,0.0,0.0,47.0,1.0,0.0,1.0,2.0,4.0,0.0,237.0,98.0,139.0,Login,1.0
e21b6e71-13d9-4b79-b5d1-4220dc844d6a,1.0,PT,20200831,3.0,0.0,0.0,100.0,67.0,3.0,3.0,3.0,2.0,42.0,44.0,0.0,http://www.derdledash.com/public/contact/firas/,0.0,1.0,0.0,0.0,0.0,0.0,3.0,0.0,0.0,0.0,0.0,0.0,0.0,0.0,0.0,0.0,11.0,8.0,3.0,Page Not Found,0.0
7706d703-1b1e-43a8-8457-29708ee91834,1.0,PT,20200831,14.0,0.0,0.0,93.0,80.0,10.0,10.0,8.0,3.0,137.0,366.0,5.0,http://dissipative-atoms.000webhostapp.com/,4.0,14.0,0.0,0.0,0.0,0.0,21.0,5.0,0.0,6.0,4.0,2.0,2.0,0.0,0.0,0.0,56.0,16.0,40.0,Website sleeping | 000webhost,0.0
a0324f91-fb7a-4dcc-a266-70e4ce22c3fa,1.0,PT,20200831,9.0,0.0,0.0,100.0,60.0,4.0,4.0,6.0,3.0,396.0,536.0,4.0,https://micro0demms0nmsds.z13.web.core.windows.net/,4.0,6.0,4.0,2.0,3.0,2.0,38.0,3.0,1.0,6.0,3.0,1.0,2.0,2.0,22.0,0.0,95.0,62.0,33.0,Sign in to your account,1.0
d7842373-3ab5-469a-9406-1519e43d60eb,1.0,PT,20200831,5.0,0.0,0.0,100.0,50.0,2.0,3.0,2.0,2.0,98.0,97.0,1.0,https://yahoomailverificationupdateservices.weebly.com/,0.0,1.0,0.0,0.0,0.0,0.0,2.0,1.0,0.0,2.0,1.0,1.0,0.0,0.0,0.0,0.0,20.0,13.0,7.0,404 - Page Not Found,0.0
7ea0f839-c54e-4876-aab3-f442889eb707,1.0,PT,20200831,8.0,0.0,0.0,63.0,50.0,6.0,7.0,7.0,2.0,84.0,287.0,2.0,http://videodewasa040600.000webhostapp.com/,1.0,31.0,0.0,0.0,0.0,0.0,21.0,2.0,0.0,5.0,4.0,3.0,1.0,1.0,9.0,0.0,75.0,39.0,36.0,Masuk Facebook | Facebook,1.0
9e05a5fa-2e7e-43a0-967e-6bac23fb95c1,1.0,PT,20200831,14.0,0.0,0.0,100.0,80.0,10.0,10.0,8.0,3.0,137.0,366.0,5.0,https://flfl4.000webhostapp.com/,4.0,14.0,0.0,0.0,0.0,0.0,21.0,5.0,0.0,6.0,4.0,2.0,2.0,0.0,0.0,0.0,56.0,16.0,40.0,Website sleeping | 000webhost,0.0
9d96d131-e265-4a2f-8711-45a4746d2349,1.0,PT,20200831,8.0,0.0,0.0,0.0,0.0,1.0,1.0,1.0,1.0,44.0,42.0,0.0,http://www.mensamagazine.it/images/immagini/c/D-T78C2V4/actualisation/ovh/tk2zmm=/index2.php,0.0,14.0,0.0,0.0,0.0,0.0,6.0,2.0,0.0,2.0,6.0,1.0,5.0,1.0,2.0,0.0,53.0,44.0,9.0,Authentification,1.0
1f5434fe-08ba-49b4-bb82-041020e0e42a,1.0,PT,20200831,8.0,0.0,0.0,0.0,0.0,1.0,1.0,1.0,1.0,44.0,42.0,0.0,http://www.mensamagazine.it/images/immagini/c/D-T78C2V4/actualisation/ovh/tk2zmm=/index1.php,0.0,14.0,0.0,0.0,0.0,0.0,6.0,2.0,0.0,2.0,6.0,1.0,5.0,1.0,2.0,0.0,55.0,45.0,10.0,Authentification,1.0
c0fd48cc-9554-4858-8a29-1c708a57af1f,1.0,PT,20200831,8.0,0.0,0.0,0.0,0.0,1.0,1.0,1.0,1.0,44.0,42.0,0.0,http://www.mensamagazine.it/images/immagini/c/D-T78C2V4/actualisation/ovh/mvhmwu=/index2.php,0.0,14.0,0.0,0.0,0.0,0.0,6.0,2.0,0.0,2.0,6.0,1.0,5.0,1.0,2.0,0.0,53.0,44.0,9.0,Authentification,1.0
000f069b-8938-4e58-a295-9c18f7c51440,1.0,PT,20200831,8.0,0.0,0.0,0.0,0.0,1.0,1.0,1.0,1.0,44.0,42.0,0.0,http://www.mensamagazine.it/images/immagini/c/D-T78C2V4/actualisation/ovh/mvhmwu=/index1.php,0.0,14.0,0.0,0.0,0.0,0.0,6.0,2.0,0.0,2.0,6.0,1.0,5.0,1.0,2.0,0.0,55.0,45.0,10.0,Authentification,1.0
70b3d5e5-e4b7-4bba-9ef5-81b18cc48bf2,1.0,PT,20200831,10.0,0.0,0.0,0.0,100.0,1.0,1.0,2.0,1.0,112.0,437.0,0.0,http://www.fasequatro.com/blog/wp-content/uploads/2020/08/fixed_new/customer_center/customer-IDPP00C799/login.php,1.0,37.0,0.0,0.0,0.0,0.0,65.0,1.0,0.0,29.0,5.0,3.0,2.0,2.0,6.0,0.0,173.0,63.0,110.0,identifiez-vous,1.0
a97b4526-5249-4e16-b7fe-3e9001482a45,1.0,PT,20200831,10.0,0.0,0.0,0.0,100.0,1.0,1.0,2.0,1.0,112.0,437.0,0.0,http://www.fasequatro.com/blog/wp-content/uploads/2020/08/fixed_new/customer_center/customer-IDPP00C157/login.php,1.0,37.0,0.0,0.0,0.0,0.0,65.0,1.0,0.0,29.0,5.0,3.0,2.0,2.0,6.0,0.0,173.0,63.0,110.0,identifiez-vous,1.0
b4196e90-dc19-4ff4-bd22-64003446a7ca,1.0,PT,20200831,3.0,0.0,0.0,100.0,67.0,3.0,3.0,3.0,2.0,42.0,44.0,0.0,http://www.derdledash.com/public/contact/firas,0.0,1.0,0.0,0.0,0.0,0.0,3.0,0.0,0.0,0.0,0.0,0.0,0.0,0.0,0.0,0.0,11.0,8.0,3.0,Page Not Found,0.0
dc080470-6392-4419-8eca-692d62f47561,1.0,PT,20200831,32.0,0.0,0.0,0.0,0.0,1.0,1.0,1.0,1.0,404.0,547.0,0.0,http://www-bancoestado.cl.keystoneacoustics.com/pagina/imagenes/comun2008/banca-en-linea-personas.html,1.0,3.0,0.0,0.0,0.0,0.0,26.0,7.0,1.0,22.0,1.0,1.0,0.0,0.0,0.0,0.0,82.0,52.0,30.0,BancoEstado Personas | Banca en LÃ­nea,0.0
ab8f6ce8-f9c9-4b90-981a-48df4a3e8b04,1.0,PT,20200831,176.0,0.0,0.0,85.0,39.0,40.0,46.0,35.0,9.0,1764.0,5578.0,4.0,https://urlz.fr/dHI5,9.0,145.0,0.0,0.0,1.0,0.0,30.0,2.0,5.0,13.0,33.0,29.0,4.0,1.0,1.0,0.0,123.0,109.0,14.0,RÃ©ducteur de lien / Minimiseur d'URL [Raccourcir un lien],1.0
236e588f-90e5-4d6c-8ff9-ca5fe922f7ab,1.0,PT,20200831,161.0,0.0,0.0,91.0,46.0,33.0,39.0,33.0,8.0,1698.0,5446.0,5.0,http://urlz.fr/dHI5,9.0,142.0,0.0,0.0,1.0,0.0,30.0,2.0,5.0,13.0,31.0,28.0,3.0,1.0,1.0,0.0,121.0,107.0,14.0,RÃ©ducteur de lien / Minimiseur d'URL [Raccourcir un lien],1.0
cc962220-df54-4a29-b2e0-3b129c162995,1.0,PT,20200831,13.0,0.0,0.0,0.0,100.0,2.0,2.0,2.0,2.0,410.0,853.0,0.0,http://u838204mq8.ha004.t.justns.ru/payment/Home/login.php,0.0,5.0,0.0,0.0,0.0,0.0,46.0,2.0,0.0,8.0,10.0,5.0,5.0,2.0,22.0,0.0,149.0,76.0,73.0,Netflix,1.0
7f6904bb-2e3b-4ddf-ba6f-9af7ebbc4788,1.0,PT,20200831,1.0,0.0,0.0,0.0,0.0,1.0,1.0,1.0,1.0,0.0,0.0,0.0,http://st-code.me/Category/bofa/boa/myaccount/send/send-email.php,0.0,1.0,0.0,0.0,0.0,0.0,0.0,0.0,0.0,0.0,0.0,0.0,0.0,0.0,0.0,0.0,6.0,6.0,0.0,404 Not Found,0.0
4aecb6e2-7c40-4901-8b17-b3f4792f6096,1.0,PT,20200831,1.0,0.0,0.0,0.0,0.0,1.0,1.0,1.0,1.0,0.0,0.0,0.0,http://st-code.me/Category/bofa/boa/myaccount/send/bil-send.php,0.0,1.0,0.0,0.0,0.0,0.0,0.0,0.0,0.0,0.0,0.0,0.0,0.0,0.0,0.0,0.0,6.0,6.0,0.0,404 Not Found,0.0
09ecc318-2c34-478f-b148-661d917a069e,1.0,PT,20200831,1.0,0.0,0.0,0.0,0.0,1.0,1.0,1.0,1.0,0.0,0.0,0.0,http://st-code.me/Category/bofa/boa/myaccount/cc_s.php,0.0,1.0,0.0,0.0,0.0,0.0,0.0,0.0,0.0,0.0,0.0,0.0,0.0,0.0,0.0,0.0,6.0,6.0,0.0,404 Not Found,0.0
a39befa7-c074-48e3-b884-cc36c98794cd,1.0,PT,20200831,1.0,0.0,0.0,0.0,0.0,1.0,1.0,1.0,1.0,0.0,0.0,0.0,http://st-code.me/Category/bofa/boa/myaccount/billing.php,0.0,1.0,0.0,0.0,0.0,0.0,0.0,0.0,0.0,0.0,0.0,0.0,0.0,0.0,0.0,0.0,6.0,6.0,0.0,404 Not Found,0.0
e0e2de80-7398-4cda-bcf3-cd11acf745b6,1.0,PT,20200831,1.0,0.0,0.0,0.0,0.0,1.0,1.0,1.0,1.0,0.0,0.0,0.0,http://st-code.me/Category/bofa/boa/login.php,0.0,1.0,0.0,0.0,0.0,0.0,0.0,0.0,0.0,0.0,0.0,0.0,0.0,0.0,0.0,0.0,6.0,6.0,0.0,404 Not Found,0.0
11b52547-c27f-4bc2-a3c6-675192d3c7ca,1.0,PT,20200831,10.0,0.0,0.0,100.0,0.0,1.0,1.0,1.0,1.0,262.0,260.0,1.0,https://optic5.com/Info/a36b598abb934e4528412e5a2127b931/,0.0,5.0,0.0,1.0,0.0,0.0,22.0,0.0,0.0,1.0,1.0,1.0,0.0,1.0,4.0,0.0,49.0,27.0,22.0,Netflix,1.0
91a504ff-1b26-4162-83d2-8473fc6ea8c7,1.0,PT,20200831,10.0,0.0,0.0,100.0,0.0,1.0,1.0,1.0,1.0,262.0,260.0,1.0,https://optic5.com/Info/a36b598abb934e4528412e5a2127b931/,0.0,5.0,0.0,1.0,0.0,0.0,22.0,0.0,0.0,1.0,1.0,1.0,0.0,1.0,4.0,0.0,49.0,27.0,22.0,Netflix,1.0
9ae07559-9a04-4ddd-a11f-3181fdd0ae82,1.0,PT,20200831,10.0,0.0,0.0,100.0,0.0,1.0,1.0,1.0,1.0,236.0,260.0,1.0,https://oesenergy.com/wp-admin/INFO/e8d66338fab3727e34a9179ed8804f64/,0.0,5.0,0.0,1.0,0.0,0.0,22.0,0.0,0.0,1.0,1.0,1.0,0.0,1.0,4.0,0.0,49.0,27.0,22.0,Netflix,1.0
1d063b74-fbe5-4524-9d10-72fc028a76e5,1.0,PT,20200831,10.0,0.0,0.0,100.0,0.0,1.0,1.0,1.0,1.0,236.0,260.0,1.0,https://oesenergy.com/wp-admin/INFO/e8d66338fab3727e34a9179ed8804f64/,0.0,5.0,0.0,1.0,0.0,0.0,22.0,0.0,0.0,1.0,1.0,1.0,0.0,1.0,4.0,0.0,49.0,27.0,22.0,Netflix,1.0
71f2f36b-5cdc-44f7-9682-6747b0f39e33,1.0,PT,20200831,1.0,0.0,0.0,100.0,0.0,1.0,1.0,1.0,1.0,1.0,0.0,0.0,https://lln-websites.com/asb.co.nz/Tax/,0.0,1.0,0.0,0.0,0.0,0.0,0.0,0.0,0.0,0.0,0.0,0.0,0.0,0.0,0.0,0.0,6.0,6.0,0.0,404 Not Found,0.0
8c782e0f-feb8-4e9f-9259-1733ac766238,1.0,PT,20200831,1.0,0.0,0.0,100.0,0.0,1.0,1.0,1.0,1.0,1.0,0.0,0.0,https://lln-websites.com/asb.co.nz/Tax,0.0,1.0,0.0,0.0,0.0,0.0,0.0,0.0,0.0,0.0,0.0,0.0,0.0,0.0,0.0,0.0,6.0,6.0,0.0,404 Not Found,0.0
fe571e01-c172-4255-8d00-786e930cde10,1.0,PT,20200831,10.0,0.0,0.0,30.0,67.0,3.0,3.0,3.0,2.0,230.0,235.0,0.0,http://sjchildren.org/son/onedri/one/index.php,0.0,2.0,0.0,0.0,0.0,0.0,10.0,0.0,0.0,0.0,1.0,0.0,1.0,0.0,0.0,0.0,20.0,7.0,13.0,One Drive Cloud Document Sharing,0.0
26592843-0d08-432a-9d7d-1fbe8177224f,1.0,PT,20200831,10.0,0.0,0.0,100.0,67.0,5.0,6.0,6.0,2.0,174.0,435.0,0.0,https://intricate-mix-287314.ew.r.appspot.com/home.html,28.0,4.0,0.0,0.0,0.0,0.0,61.0,2.0,1.0,66.0,2.0,0.0,2.0,2.0,5.0,0.0,310.0,100.0,210.0,Personal cloud storage - Microsoft OneDrive,1.0
9faed627-841b-45fc-a0b3-c7aa85b04673,1.0,PT,20200831,15.0,0.0,0.0,100.0,33.0,3.0,3.0,3.0,3.0,2297.0,2348.0,0.0,https://icnet.cl/wells/login/login.php?cmd=login_submit&amp;id=0a33ce2a837aff4514dde864286223a30a33ce2a837aff4514dde864286223a3&amp;session=0a33ce2a837aff4514dde864286223a30a33ce2a837aff4514dde864286223a3,0.0,3.0,0.0,0.0,0.0,0.0,15.0,10.0,0.0,2.0,3.0,1.0,2.0,1.0,5.0,0.0,55.0,47.0,8.0,"Wells Fargo - Personal & Business Banking - Student, Auto & Home Loans - Investing & Insurance",0.0
